datetime,title,source,link,sentiment_class,sentiment_score
7/30/2019 5:31:36 PM,"Sealed Air Will Probably Beat on Earnings, But That Won’t Save SEE Stock",InvestorPlace,/news/stocks/likely-beat-unlikely-see-stock-1028401250,negative,0.4786483347415924
1/28/2020 7:59:30 AM,Stock To Watch: Amcor ,RTTNews,/news/stocks/stock-to-watch-amcor-1028849060,neutral,0.9440241456031799
2/10/2020 10:35:34 PM,Amcor 1H 2020 Earnings Preview,Seeking Alpha,https://seekingalpha.com/news/3540141-amcor-1h-2020-earnings-preview?utm_source=markets.businessinsider.com&utm_medium=referral,neutral,0.6781148910522461
2/11/2020 11:31:22 PM,Amcor Q2 Profit Down ,RTTNews,/news/stocks/amcor-q2-profit-down-1028895768,negative,0.9300312995910645
3/10/2020 4:10:04 PM,Amcor on watch after Spruce Point issues negative report,Seeking Alpha,https://seekingalpha.com/news/3550212-amcor-on-watch-after-spruce-point-issues-negative-report?utm_source=markets.businessinsider.com&utm_medium=referral,negative,0.9100669026374817
5/10/2020 3:01:38 PM,Amcor earnings: here's what Wall Street expects,Markets Insider Automation,/news/stocks/amcor_2-q3-quarterly-earnings-preview-1029185084,neutral,0.9321243166923523
5/10/2020 9:35:12 PM,Notable earnings after Monday's close,Seeking Alpha,https://seekingalpha.com/news/3572403-notable-earnings-after-mondays-close?utm_source=markets.businessinsider.com&utm_medium=referral,positive,0.8940557837486267
5/10/2020 9:35:38 PM,Amcor Q3 2020 Earnings Preview,Seeking Alpha,https://seekingalpha.com/news/3572448-amcor-q3-2020-earnings-preview?utm_source=markets.businessinsider.com&utm_medium=referral,neutral,0.8535969853401184
5/11/2020 9:36:42 PM,Amcor declares $0.115 dividend,Seeking Alpha,https://seekingalpha.com/news/3573132-amcor-declares-0_115-dividend?utm_source=markets.businessinsider.com&utm_medium=referral,neutral,0.9246029257774353
5/11/2020 10:57:20 PM,Amcor Raises FY20 Outlook - Quick Facts ,RTTNews,/news/stocks/amcor-raises-fy20-outlook-quick-facts-1029189277,neutral,0.7351616621017456
5/12/2020 5:36:08 PM,Amcor improves full year earnings outlook,Seeking Alpha,https://seekingalpha.com/news/3573494-amcor-improves-full-year-earnings-outlook?utm_source=markets.businessinsider.com&utm_medium=referral,positive,0.93826824426651
8/17/2020 3:01:28 PM,Amcor earnings preview: what Wall Street is expecting,Markets Insider Automation,/news/stocks/amcor_2-stock-price-quarter-earnings-preview-q4-1029508983,neutral,0.9180777072906494
11/4/2020 10:35:58 PM,Notable earnings after Thursday's close,Seeking Alpha,https://seekingalpha.com/news/3631231-notable-earnings-after-thursdays-close?utm_source=markets.businessinsider.com&utm_medium=referral,positive,0.8900269269943237
11/5/2020 10:48:26 PM,Amcor raises dividend by ~2%,Seeking Alpha,https://seekingalpha.com/news/3632695-amcor-raises-dividend-2?utm_source=markets.businessinsider.com&utm_medium=referral,positive,0.5406280159950256
11/6/2020 5:28:06 PM,Amcor increases FY2021 EPS outlook,Seeking Alpha,https://seekingalpha.com/news/3633253-amcor-increases-fy2021-eps-outlook?utm_source=markets.businessinsider.com&utm_medium=referral,neutral,0.8182029724121094
1/5/2021 4:11:08 PM,"Benzinga's Top Upgrades, Downgrades For January 5, 2021",Benzinga,/news/stocks/benzinga-s-top-upgrades-downgrades-for-january-5-2021-1029934354,negative,0.5792035460472107
1/31/2021 3:01:27 PM,Amcor is about to announce its earnings — here's what Wall Street expects,Markets Insider Automation,/news/stocks/amcor_2-q2-quarterly-earnings-preview-1030022971,neutral,0.9365960955619812
2/1/2021 10:35:28 PM,Notable earnings after Tuesday's close,Seeking Alpha,https://seekingalpha.com/news/3656740-notable-earnings-after-tuesdays-close?utm_source=markets.businessinsider.com&utm_medium=referral,positive,0.8953564763069153
2/3/2021 1:02:31 PM,36 Stocks Moving in Wednesday's Pre-Market Session,Benzinga,/news/stocks/36-stocks-moving-in-wednesday-s-pre-market-session-1030037696,neutral,0.777704656124115
2/3/2021 1:45:14 PM,Amcor trades high on strong 1H net income growth; FY21 outlook raised,Seeking Alpha,https://seekingalpha.com/news/3657731-amcor-trades-high-on-strong-1h-net-income-growth-fy21-outlook-raised?utm_source=markets.businessinsider.com&utm_medium=referral,positive,0.9508817791938782
2/3/2021 1:51:17 PM,Amcor declares $0.1175 dividend,Seeking Alpha,https://seekingalpha.com/news/3657733-amcor-declares-0_1175-dividend?utm_source=markets.businessinsider.com&utm_medium=referral,neutral,0.9401431679725647
2/4/2021 4:03:28 PM,"Benzinga's Top Ratings Upgrades, Downgrades For February 4, 2021",Benzinga,/news/stocks/benzinga-s-top-ratings-upgrades-downgrades-for-february-4-2021-1030044376,negative,0.5939630270004272
3/31/2021 4:52:56 PM,10 Great Dividend Stocks Under $25,InvestorPlace,/news/stocks/10-great-dividend-stocks-under-25-1030265503,neutral,0.4490198791027069
4/9/2021 4:11:20 PM,"Benzinga's Top Ratings Upgrades, Downgrades For April 9, 2021",Benzinga,/news/stocks/benzinga-s-top-ratings-upgrades-downgrades-for-april-9-2021-1030289472,negative,0.5865253806114197
5/2/2021 3:01:32 PM,What Wall Street expects from Amcor's earnings,Markets Insider Automation,/news/stocks/amcor_2-stock-price-q3-earnings-preview-1030374698,neutral,0.9329190254211426
5/3/2021 9:35:29 PM,Notable earnings after Tuesday's close,Seeking Alpha,https://seekingalpha.com/news/3689392-notable-earnings-after-tuesdays-close?utm_source=markets.businessinsider.com&utm_medium=referral,positive,0.8953564763069153
5/10/2021 5:26:20 PM,Stocks That Hit 52-Week Highs On Monday,Benzinga,/news/stocks/stocks-that-hit-52-week-highs-on-monday-1030410156,neutral,0.6719298958778381
5/24/2021 2:57:21 PM,Amcor goes ex-dividend tomorrow,Seeking Alpha,https://seekingalpha.com/news/3699485-amcor-goes-ex-dividend-tomorrow?utm_source=markets.businessinsider.com&utm_medium=referral,neutral,0.5990957617759705
8/3/2021 2:33:00 PM,Amcor to partner with Michigan State University to power innovation and talent in sustainable packaging,PR Newswire,/news/stocks/amcor-to-partner-with-michigan-state-university-to-power-innovation-and-talent-in-sustainable-packaging-1030683021,positive,0.8198228478431702
8/3/2021 2:36:00 PM,Amcor to partner with Michigan State University to power innovation and talent in sustainable packaging,PR Newswire,/news/stocks/amcor-to-partner-with-michigan-state-university-to-power-innovation-and-talent-in-sustainable-packaging-1030683024,positive,0.8198228478431702
8/4/2021 2:46:00 AM,Amcor to report fiscal 2021 full year results,PR Newswire,/news/stocks/amcor-to-report-fiscal-2021-full-year-results-1030686210,neutral,0.8218231201171875
8/11/2021 2:00:00 PM,Amcor Announces Breakthrough Healthcare Lidding Technology for Combination Products,PR Newswire,/news/stocks/amcor-announces-breakthrough-healthcare-lidding-technology-for-combination-products-1030718430,positive,0.8414319753646851
8/11/2021 2:00:00 PM,Amcor Announces Breakthrough Healthcare Lidding Technology for Combination Products,PR Newswire,/news/stocks/amcor-announces-breakthrough-healthcare-lidding-technology-for-combination-products-1030718392,positive,0.8414319753646851
8/16/2021 1:00:00 PM,Amcor expands global network of innovation centers,PR Newswire,/news/stocks/amcor-expands-global-network-of-innovation-centers-1030733715,positive,0.7391080856323242
8/16/2021 1:00:00 PM,Amcor expands global network of innovation centers,PR Newswire,/news/stocks/amcor-expands-global-network-of-innovation-centers-1030733736,positive,0.7391080856323242
8/16/2021 1:00:00 PM,Amcor expands global network of innovation centers,PR Newswire,/news/stocks/amcor-expands-global-network-of-innovation-centers-1030733738,positive,0.7391080856323242
8/16/2021 9:35:52 PM,Notable earnings after Tuesday's close,Seeking Alpha,https://seekingalpha.com/news/3730913-notable-earnings-after-tuesdays-close?utm_source=markets.businessinsider.com&utm_medium=referral,positive,0.8953564763069153
8/17/2021 10:10:00 PM,Amcor reports record full year earnings and strong outlook for fiscal 2022,PR Newswire,/news/stocks/amcor-reports-record-full-year-earnings-and-strong-outlook-for-fiscal-2022-1030739791,positive,0.948578417301178
8/18/2021 4:14:45 PM,"Benzinga's Top Ratings Upgrades, Downgrades For August 18, 2021",Benzinga,/news/stocks/benzinga-s-top-ratings-upgrades-downgrades-for-august-18-2021-1030742543,negative,0.6023354530334473
8/31/2021 5:41:24 PM,7 Dividend Aristocrat Stocks to Buy in September for Gains and Stability,InvestorPlace,/news/stocks/7-dividend-aristocrat-stocks-to-buy-in-september-for-gains-and-stability-1030770935,neutral,0.7393564581871033
9/3/2021 2:47:51 PM,Amcor goes ex-dividend on Tuesday,Seeking Alpha,https://seekingalpha.com/news/3737198-amcor-goes-ex-dividend-on-tuesday?utm_source=markets.businessinsider.com&utm_medium=referral,neutral,0.6324141621589661
9/29/2021 2:47:00 PM,Changes to Amcor plc Board of Directors,PR Newswire,/news/stocks/changes-to-amcor-plc-board-of-directors-1030831131,neutral,0.8932453393936157
10/19/2021 11:36:00 PM,Amcor to Report First Quarter 2022 Results,PR Newswire,/news/stocks/amcor-to-report-first-quarter-2022-results-1030879114,neutral,0.9357894062995911
11/1/2021 3:01:13 PM,Amcor earnings: here's what Wall Street expects,Markets Insider Automation,/news/stocks/amcor_2-stock-price-q1-earnings-preview-1030921732,neutral,0.9321243166923523
11/1/2021 9:35:44 PM,Amcor FQ1 2022 Earnings Preview,Seeking Alpha,https://seekingalpha.com/news/3761771-amcor-fq1-2022-earnings-preview?utm_source=markets.businessinsider.com&utm_medium=referral,neutral,0.890160083770752
11/1/2021 9:35:55 PM,Notable earnings after Tuesday's close,Seeking Alpha,https://seekingalpha.com/news/3761467-notable-earnings-after-tuesdays-close?utm_source=markets.businessinsider.com&utm_medium=referral,positive,0.8953564763069153
11/2/2021 8:46:39 PM,"Amcor EPS beats by $0.01, beats on revenue",Seeking Alpha,https://seekingalpha.com/news/3763420-amcor-eps-beats-0_01-beats-on-revenue?utm_source=markets.businessinsider.com&utm_medium=referral,positive,0.6948012113571167
11/2/2021 9:10:00 PM,Amcor reports solid first quarter and reaffirms outlook for fiscal 2022,PR Newswire,/news/stocks/amcor-reports-solid-first-quarter-and-reaffirms-outlook-for-fiscal-2022-1030928077,positive,0.9469534754753113
11/15/2021 9:33:00 PM,Fate of billions of plastic bottles potentially altered through ground-breaking Amcor technology,PR Newswire,/news/stocks/fate-of-billions-of-plastic-bottles-potentially-altered-through-ground-breaking-amcor-technology-1030977712,neutral,0.8355751633644104
11/18/2021 9:46:00 PM,Amcor Research Shows Consumers Worldwide Want to Recycle More,PR Newswire,/news/stocks/amcor-research-shows-consumers-worldwide-want-to-recycle-more-1030989596,neutral,0.620628833770752
11/22/2021 3:40:34 PM,Amcor goes ex-dividend tomorrow,Seeking Alpha,https://seekingalpha.com/news/3773329-amcor-goes-ex-dividend-tomorrow?utm_source=markets.businessinsider.com&utm_medium=referral,neutral,0.5990957617759705
12/1/2021 1:00:00 AM,Amcor Unveils State-of-the-art Healthcare Packaging Facility In Singapore To Serve Accelerating Customer Demands In Asia Pacific,PR Newswire,/news/stocks/amcor-unveils-state-of-the-art-healthcare-packaging-facility-in-singapore-to-serve-accelerating-customer-demands-in-asia-pacific-1031014150,positive,0.9197849631309509
12/15/2021 3:14:00 PM,Amcor announces global price increases,PR Newswire,/news/stocks/amcor-announces-global-price-increases-1031047495,neutral,0.8295509815216064
12/15/2021 4:05:47 PM,"Benzinga's Top Ratings Upgrades, Downgrades For December 15, 2021",Benzinga,/news/stocks/benzinga-s-top-ratings-upgrades-downgrades-for-december-15-2021-1031047709,negative,0.582796573638916
1/18/2022 11:05:00 PM,Amcor to report Half Year 2022 results,PR Newswire,/news/stocks/amcor-to-report-half-year-2022-results-1031110544,neutral,0.9385506510734558
1/20/2022 10:32:55 AM,Amcor announces $5M strategic investment in PragmatIC Semiconductor,Seeking Alpha,https://seekingalpha.com/news/3789501-amcor-announces-5m-strategic-investment-in-pragmatic-semiconductor?utm_source=markets.businessinsider.com&utm_medium=referral,neutral,0.7619083523750305
1/25/2022 1:00:00 PM,Amcor builds on sustainability progress with science-based targets and the commitment to reach net zero emissions by 2050,PR Newswire,/news/stocks/amcor-builds-on-sustainability-progress-with-science-based-targets-and-the-commitment-to-reach-net-zero-emissions-by-2050-1031125808,positive,0.8185104727745056
1/31/2022 3:01:13 PM,What Wall Street expects from Amcor's earnings,Markets Insider Automation,/news/stocks/amcor_2-q2-earnings-preview-1031144457,neutral,0.9329190254211426
1/31/2022 10:35:01 PM,Notable earnings after Tuesday's close,Seeking Alpha,https://seekingalpha.com/news/3793549-notable-earnings-after-tuesdays-close?utm_source=markets.businessinsider.com&utm_medium=referral,positive,0.8953564763069153
1/31/2022 10:35:35 PM,Amcor FQ2 2022 Earnings Preview,Seeking Alpha,https://seekingalpha.com/news/3793601-amcor-fq2-2022-earnings-preview?utm_source=markets.businessinsider.com&utm_medium=referral,neutral,0.8938747644424438
2/1/2022 9:16:50 PM,"Amcor GAAP EPS in line, revenue of $3.51B beats by $184M",Seeking Alpha,https://seekingalpha.com/news/3794495-amcor-gaap-eps-of-0_14-misses-0_01-revenue-of-3_1b-misses-220m?utm_source=markets.businessinsider.com&utm_medium=referral,positive,0.9457676410675049
2/1/2022 10:10:00 PM,Amcor reports first half results and reaffirms fiscal 2022 outlook,PR Newswire,/news/stocks/amcor-reports-first-half-results-and-reaffirms-fiscal-2022-outlook-1031150867,neutral,0.5682143568992615
2/7/2022 7:37:50 AM,Amcor declares $0.12 dividend,Seeking Alpha,https://seekingalpha.com/news/3796334-amcor-declares-012-dividend?utm_source=markets.businessinsider.com&utm_medium=referral,neutral,0.9147688746452332
2/10/2022 2:34:43 PM,3 Lumber Stocks to Buy for Growth and Dividends,InvestorPlace,/news/stocks/3-lumber-stocks-for-growth-and-dividends-1031182519,neutral,0.9067254662513733
2/10/2022 7:00:00 PM,"Amcor CEO, Ron Delia, talks packaging trends on new McKinsey podcast",PR Newswire,/news/stocks/amcor-ceo-ron-delia-talks-packaging-trends-on-new-mckinsey-podcast-1031183218,neutral,0.934830367565155
3/21/2022 1:45:00 PM,Amcor Issues Update on the Conflict in Ukraine,PR Newswire,/news/stocks/amcor-issues-update-on-the-conflict-in-ukraine-1031294996,neutral,0.91851806640625
3/21/2022 2:05:53 PM,Amcor To Scale Down Activities In Russia - Quick Facts ,RTTNews,/news/stocks/amcor-to-scale-down-activities-in-russia-quick-facts-1031295147,negative,0.5611401796340942
3/24/2022 4:00:00 PM,Amcor innovation recognized through multiple industry achievement awards,PR Newswire,/news/stocks/amcor-innovation-recognized-through-multiple-industry-achievement-awards-1031305452,positive,0.8888673186302185
3/25/2022 12:43:30 PM,Truist Sees Amcor Approaching 'Fair Valuation' - Read Why,Benzinga,/news/stocks/truist-sees-amcor-approaching-fair-valuation---read-why-1031307841,neutral,0.6333041191101074
3/25/2022 3:02:45 PM,"Benzinga's Top Ratings Upgrades, Downgrades For March 25, 2022",Benzinga,/news/stocks/benzinga-s-top-ratings-upgrades-downgrades-for-march-25-2022-1031308282,neutral,0.5006648898124695
4/6/2022 10:00:00 AM,Amcor Lift-Off initiative to offer seed funding for innovative start-ups,PR Newswire,/news/stocks/amcor-lift-off-initiative-to-offer-seed-funding-for-innovative-start-ups-1031335614,positive,0.8046707510948181
4/12/2022 11:00:00 AM,Amcor increases use of advance recycling materials leveraging ExxonMobil's Exxtend™ technology,PR Newswire,/news/stocks/amcor-increases-use-of-advance-recycling-materials-leveraging-exxonmobil-s-exxtend-technology-1031348922,positive,0.7913910746574402
4/20/2022 1:27:00 AM,Amcor to report Third Quarter 2022 Year to Date Results,PR Newswire,/news/stocks/amcor-to-report-third-quarter-2022-year-to-date-results-1031365572,neutral,0.9367015361785889
4/20/2022 10:00:00 AM,Amcor launches more sustainable packaging for pharmaceuticals,PR Newswire,/news/stocks/amcor-launches-more-sustainable-packaging-for-pharmaceuticals-1031367165,neutral,0.548870325088501
4/20/2022 12:00:00 PM,"Amcor CEO addresses need for ""industry-changing innovation"" at MSU's School of Packaging event",PR Newswire,/news/stocks/amcor-ceo-addresses-need-for-industry-changing-innovation-at-msu-s-school-of-packaging-event-1031367325,neutral,0.6028009653091431
4/25/2022 10:17:25 AM,"Amcor to expand healthcare packaging capabilities in Sligo, Ireland packaging facility",Seeking Alpha,https://seekingalpha.com/news/3826051-amcor-to-expand-healthcare-packaging-capabilities-in-sligo-ireland-packaging-facility?utm_source=markets.businessinsider.com&utm_medium=referral,positive,0.7686017155647278
4/25/2022 12:00:00 PM,Amcor to expand healthcare packaging capabilities in Europe,PR Newswire,/news/stocks/amcor-to-expand-healthcare-packaging-capabilities-in-europe-1031379458,positive,0.8612955808639526
5/2/2022 3:01:13 PM,Here's what Wall Street expects from Amcor's earnings report,Markets Insider Automation,/news/stocks/amcor_2-q3-earnings-preview-stock-1031408790,neutral,0.9150698184967041
5/2/2022 9:35:53 PM,Amcor Q3 2022 Earnings Preview,Seeking Alpha,https://seekingalpha.com/news/3830369-amcor-q3-2022-earnings-preview?utm_source=markets.businessinsider.com&utm_medium=referral,neutral,0.8845652937889099
5/2/2022 9:35:56 PM,Notable earnings after Tuesday's close,Seeking Alpha,https://seekingalpha.com/news/3830028-notable-earnings-after-tuesdays-close?utm_source=markets.businessinsider.com&utm_medium=referral,positive,0.8953564763069153
5/3/2022 8:20:49 PM,"Amcor GAAP EPS of $0.18 in-line, revenue of $3.71B beats by $270M",Seeking Alpha,https://seekingalpha.com/news/3831491-amcor-gaap-eps-of-0_18-in-line-revenue-of-3_71b-beats-270m?utm_source=markets.businessinsider.com&utm_medium=referral,positive,0.7682291269302368
5/3/2022 8:53:02 PM,Amcor declares $0.12 dividend,Seeking Alpha,https://seekingalpha.com/news/3831578-amcor-declares-012-dividend?utm_source=markets.businessinsider.com&utm_medium=referral,neutral,0.9147688746452332
5/3/2022 10:10:00 PM,Amcor reports strong financial result and raises fiscal 2022 EPS guidance,PR Newswire,/news/stocks/amcor-reports-strong-financial-result-and-raises-fiscal-2022-eps-guidance-1031415378,positive,0.9472297430038452
5/4/2022 4:04:01 PM,"Amcor leads, Johnson Controls lags industrial peers on outlook shift",Seeking Alpha,https://seekingalpha.com/news/3832099-amcor-leads-johnson-controls-lags-industrial-peers-on-outlook-shift?utm_source=markets.businessinsider.com&utm_medium=referral,negative,0.8882330656051636
5/17/2022 11:00:29 AM,More boxes checked off in stock market bottom checklist,Seeking Alpha,https://seekingalpha.com/news/3839374-more-boxes-filled-in-stock-market-bottom-checklist?utm_source=markets.businessinsider.com&utm_medium=referral,neutral,0.6595116257667542
5/26/2022 10:00:22 PM,7 High-Yield Retirement Stocks to Buy for Your Nest Egg,InvestorPlace,/news/stocks/7-high-yield-retirement-stocks-to-buy-for-your-nest-egg-1031492120,neutral,0.9213324189186096
6/8/2022 12:05:00 PM,Amcor's new product rebranding initiative highlights differentiated and more sustainable packaging options,PR Newswire,/news/stocks/amcor-s-new-product-rebranding-initiative-highlights-differentiated-and-more-sustainable-packaging-options-1031515611,positive,0.8333510160446167
6/9/2022 2:05:00 PM,Susana Suarez Gonzalez joins Amcor as Chief Human Resources Officer,PR Newswire,/news/stocks/susana-suarez-gonzalez-joins-amcor-as-chief-human-resources-officer-1031519140,neutral,0.9306932091712952
6/27/2022 11:03:00 AM,Amcor Lift-Off initiative shortlists start-ups for seed funding,PR Newswire,/news/stocks/amcor-lift-off-initiative-shortlists-start-ups-for-seed-funding-1031551091,neutral,0.7882674336433411
7/19/2022 4:04:47 PM,"Benzinga's Top Ratings Upgrades, Downgrades For July 19, 2022",Benzinga,/news/stocks/benzinga-s-top-ratings-upgrades-downgrades-for-july-19-2022-1031597639,neutral,0.5149569511413574
8/4/2022 2:30:00 AM,Amcor to report Full Year 2022 results,PR Newswire,/news/stocks/amcor-to-report-full-year-2022-results-1031647859,neutral,0.9328256249427795
8/16/2022 3:01:13 PM,Amcor earnings preview: what Wall Street is expecting,Markets Insider Automation,/news/stocks/amcor_2-q4-earnings-preview-stock-1031687165,neutral,0.9180777072906494
8/16/2022 9:35:25 PM,Amcor FY 2022 Earnings Preview,Seeking Alpha,https://seekingalpha.com/news/3873774-amcor-fy-2022-earnings-preview?utm_source=businessinsider&utm_medium=referral,neutral,0.814060628414154
8/16/2022 9:35:39 PM,Notable earnings after Wednesday's close,Seeking Alpha,https://seekingalpha.com/news/3873683-notable-earnings-after-wednesdays-close?utm_source=businessinsider&utm_medium=referral,positive,0.8919203281402588
8/17/2022 8:13:59 PM,"Amcor Non-GAAP EPS of $0.805 beats by $0.01, revenue of $14.54B beats by $150M",Seeking Alpha,https://seekingalpha.com/news/3874329-amcor-non-gaap-eps-of-0805-beats-by-001-revenue-of-1454b-beats-by-150m?utm_source=businessinsider&utm_medium=referral,neutral,0.7666152119636536
8/17/2022 10:10:00 PM,Amcor reports strong fiscal 2022 financial results. Provides outlook for fiscal 2023,PR Newswire,/news/stocks/amcor-reports-strong-fiscal-2022-financial-results-provides-outlook-for-fiscal-2023-1031691155,positive,0.840588390827179
8/22/2022 9:27:21 AM,Amcor acquires flexible packaging plant in Czech Republic,Seeking Alpha,https://seekingalpha.com/news/3875285-amcor-acquires-flexible-packaging-plant-in-czech-republic?utm_source=businessinsider&utm_medium=referral,neutral,0.8424896001815796
9/6/2022 4:37:03 PM,Amcor goes ex dividend tomorrow,Seeking Alpha,https://seekingalpha.com/news/3880516-amcor-plc-declares-missing-dividend?utm_source=businessinsider&utm_medium=referral,neutral,0.6756414771080017
9/14/2022 11:28:50 AM,Amcor Announces Additional Investment Of Up To $45 Mln In EPac Flexible Packaging ,RTTNews,/news/stocks/amcor-announces-additional-investment-of-up-to-45-mln-in-epac-flexible-packaging-1031742069,positive,0.7303093671798706
10/13/2022 4:05:37 PM,"Benzinga's Top Ratings Upgrades, Downgrades For October 13, 2022",Benzinga,/news/stocks/benzinga-s-top-ratings-upgrades-downgrades-for-october-13-2022-1031803524,neutral,0.5278480648994446
10/19/2022 2:19:00 AM,Amcor to report First Quarter 2023 results,PR Newswire,/news/stocks/amcor-to-report-first-quarter-2023-results-1031815064,neutral,0.9370860457420349
10/31/2022 3:01:13 PM,Here's what Wall Street expects from Amcor's earnings,Markets Insider Automation,/news/stocks/amcor_2-q1-earnings-preview-1031853765,neutral,0.9317416548728943
10/31/2022 9:35:43 PM,Notable earnings after Tuesday's close,Seeking Alpha,https://seekingalpha.com/news/3897802-notable-earnings-after-tuesdays-close?utm_source=businessinsider&utm_medium=referral,positive,0.8953564763069153
11/1/2022 8:35:31 PM,"Amcor Non-GAAP EPS of $0.18 in-line, revenue of $3.71B beats by $200M",Seeking Alpha,https://seekingalpha.com/news/3899098-amcor-non-gaap-eps-of-0_18-in-line-revenue-of-3_71b-beats-200m?utm_source=businessinsider&utm_medium=referral,positive,0.5966809391975403
11/1/2022 8:59:01 PM,Amcor declares $0.1225 dividend,Seeking Alpha,https://seekingalpha.com/news/3899163-amcor-declares-01225-dividend?utm_source=businessinsider&utm_medium=referral,neutral,0.937882125377655
11/1/2022 9:10:00 PM,Amcor reports strong first quarter fiscal 2023 result,PR Newswire,/news/stocks/amcor-reports-strong-first-quarter-fiscal-2023-result-1031860124,positive,0.9487842917442322
11/3/2022 2:14:11 PM,"Analysts Offer Insights on Materials Companies: Hudbay Minerals (HBM), Ingevity (NGVT) and Amcor (AMCR)",TipRanks,/news/stocks/analysts-offer-insights-on-materials-companies-hudbay-minerals-hbm-ingevity-ngvt-and-amcor-amcr-1031871215,neutral,0.9023213982582092
11/4/2022 4:55:28 AM,Robert W. Baird Sticks to Its Hold Rating for Amcor (AMCR),TipRanks,/news/stocks/robert-w-baird-sticks-to-its-hold-rating-for-amcor-amcr-1031873389,neutral,0.8353152275085449
11/4/2022 12:23:56 PM,Analysts Have Conflicting Sentiments on These Materials Companies: Trex Company (TREX) and Amcor (AMCR),TipRanks,/news/stocks/analysts-have-conflicting-sentiments-on-these-materials-companies-trex-company-trex-and-amcor-amcr-1031875805,negative,0.929154634475708
11/8/2022 12:56:00 PM,Amcor investment in PulPac fiber technology to accelerate global deployment of innovative paper packaging,PR Newswire,/news/stocks/amcor-investment-in-pulpac-fiber-technology-to-accelerate-global-deployment-of-innovative-paper-packaging-1031886024,positive,0.9037442207336426
11/17/2022 12:00:00 PM,"Amcor Sustainability Report reflects on landmark year, reveals higher target for recycled content",PR Newswire,/news/stocks/amcor-sustainability-report-reflects-on-landmark-year-reveals-higher-target-for-recycled-content-1031921537,positive,0.9095813632011414
12/5/2022 3:34:00 PM,Amcor drives progress on advanced recycling materials for food and healthcare markets,PR Newswire,/news/stocks/amcor-drives-progress-on-advanced-recycling-materials-for-food-and-healthcare-markets-1031953226,positive,0.680677592754364
12/15/2022 2:25:00 PM,"Amcor opens China's largest flexible packaging plant, strengthening its position in Asia Pacific",PR Newswire,/news/stocks/amcor-opens-china-s-largest-flexible-packaging-plant-strengthening-its-position-in-asia-pacific-1031974596,positive,0.9554427862167358
12/15/2022 2:42:48 PM,"Amcor Announces Opening Of Manufacturing Plant In Huizhou, China ",RTTNews,/news/stocks/amcor-announces-opening-of-manufacturing-plant-in-huizhou-china-1031974677,neutral,0.5128700137138367
12/21/2022 9:00:00 PM,Amcor partners with Licella to deliver recycled content from one of Australia's first plastic advanced recycling facilities,PR Newswire,/news/stocks/amcor-partners-with-licella-to-deliver-recycled-content-from-one-of-australia-s-first-plastic-advanced-recycling-facilities-1031985733,positive,0.7393138408660889
12/23/2022 1:44:00 PM,Amcor sells factories in Russia,PR Newswire,/news/stocks/amcor-sells-factories-in-russia-1031988767,neutral,0.9192172884941101
12/25/2022 8:11:14 PM,5 Cheap Blue-Chip Stocks Under $15 to Buy Now,InvestorPlace,/news/stocks/cheap-blue-chip-stocks-under-15-1031567168,neutral,0.8632386326789856
1/3/2023 5:50:04 PM,The 7 Best Stocks Under $20 to Buy Now,InvestorPlace,/news/stocks/best-stocks-under-20-dollars-1031632123,neutral,0.8465448617935181
1/6/2023 12:03:36 AM,The 7 Best Dividend Stocks for Passive Income in 2023,InvestorPlace,/news/stocks/best-dividend-stocks-for-passive-income-1031656555,neutral,0.8694151043891907
1/9/2023 7:40:43 PM,7 Stocks Under $20 to Buy and Hold Forever ,InvestorPlace,/news/stocks/stocks-under-20-dollars-to-buy-and-hold-1031688468,neutral,0.8898600339889526
1/16/2023 11:00:00 PM,AMCOR EXPANDS HEALTHCARE PLATFORM IN THE ASIA PACIFIC REGION WITH ACQUISITION OF MDK,PR Newswire,/news/stocks/amcor-expands-healthcare-platform-in-the-asia-pacific-region-with-acquisition-of-mdk-1032021023,positive,0.783261239528656
1/17/2023 8:06:19 AM,Amcor acquires Shanghai-based MDK,Seeking Alpha,https://seekingalpha.com/news/3924812-amcor-acquires-shanghai-based-mdk?utm_source=businessinsider&utm_medium=referral,neutral,0.9111506938934326
1/24/2023 11:10:00 PM,Amcor to report Half Year 2023 results,PR Newswire,/news/stocks/amcor-to-report-half-year-2023-results-1032038162,neutral,0.9411395192146301
2/1/2023 3:55:00 PM,Amcor third Lift-Off winner to deliver new 'Packaging as a Service' for reusable food packaging,PR Newswire,/news/stocks/amcor-third-lift-off-winner-to-deliver-new-packaging-as-a-service-for-reusable-food-packaging-1032059390,positive,0.8840276002883911
2/6/2023 3:01:13 PM,Amcor is about to announce earnings — here's what Wall Street expects,Markets Insider Automation,/news/stocks/amcor_2-q2-earnings-preview-stock-1032070367,neutral,0.9359717965126038
2/6/2023 10:35:02 PM,Amcor 1H 2023 Earnings Preview,Seeking Alpha,https://seekingalpha.com/news/3932627-amcor-1h-2023-earnings-preview?utm_source=businessinsider&utm_medium=referral,neutral,0.7424579858779907
2/6/2023 10:35:07 PM,Notable earnings after Tuesday's close,Seeking Alpha,https://seekingalpha.com/news/3932340-notable-earnings-after-tuesdays-close?utm_source=businessinsider&utm_medium=referral,positive,0.8953564763069153
2/7/2023 9:22:54 PM,"Amcor Non-GAAP EPS of $0.37 beats by $0.01, revenue of $7.35B beats by $10M",Seeking Alpha,https://seekingalpha.com/news/3933214-amcor-non-gaap-eps-of-0_37-beats-0_01-revenue-of-7_35b-beats-10m?utm_source=businessinsider&utm_medium=referral,neutral,0.6913714408874512
2/7/2023 10:10:00 PM,Amcor reports strong first half and second quarter fiscal 2023 result,PR Newswire,/news/stocks/amcor-reports-strong-first-half-and-second-quarter-fiscal-2023-result-1032075410,positive,0.9485584497451782
2/8/2023 7:05:57 PM,Amcor declares $0.1225 dividend,Seeking Alpha,https://seekingalpha.com/news/3933735-amcor-plc-declares-missing-dividend?utm_source=businessinsider&utm_medium=referral,neutral,0.937882125377655
2/9/2023 12:10:42 PM,"Analysts Conflicted on These Materials Names: LyondellBasell (LYB), DuPont de Nemours (DD) and Amcor (AMCR)",TipRanks,/news/stocks/analysts-conflicted-on-these-materials-names-lyondellbasell-lyb-dupont-de-nemours-dd-and-amcor-amcr-1032082617,neutral,0.5452938675880432
2/14/2023 3:00:00 PM,"Amcor to participate in Bank of America Securities Global Agriculture and Materials Conference on March 1, 2023 in Fort Lauderdale",PR Newswire,/news/stocks/amcor-to-participate-in-bank-of-america-securities-global-agriculture-and-materials-conference-on-march-1-2023-in-fort-lauderdale-1032094966,neutral,0.9184454679489136
3/22/2023 3:13:00 PM,"Amcor, Nfinite enter joint research agreement to leverage nanotechnology in recyclable and compostable packaging",PR Newswire,/news/stocks/amcor-nfinite-enter-joint-research-agreement-to-leverage-nanotechnology-in-recyclable-and-compostable-packaging-1032185146,positive,0.836724579334259
4/19/2023 1:00:00 AM,Amcor to report Third Quarter 2023 Year to Date Results,PR Newswire,/news/stocks/amcor-to-report-third-quarter-2023-year-to-date-results-1032241222,neutral,0.9348607063293457
5/1/2023 3:01:13 PM,Here's what Wall Street expects from Amcor's earnings report,Markets Insider Automation,/news/stocks/amcor_2-q3-quarterly-earnings-preview-stock-1032278216,neutral,0.9150698184967041
5/1/2023 9:35:24 PM,Notable earnings after Tuesday's close,Seeking Alpha,https://seekingalpha.com/news/3962634-notable-earnings-after-tuesdays-close?utm_source=businessinsider&utm_medium=referral,positive,0.8953564763069153
5/1/2023 9:35:55 PM,Amcor Q3 2023 Earnings Preview,Seeking Alpha,https://seekingalpha.com/news/3962856-amcor-q3-2023-earnings-preview?utm_source=businessinsider&utm_medium=referral,neutral,0.8823879361152649
5/2/2023 8:17:49 PM,"Amcor GAAP EPS of $0.11 misses by $0.05, revenue of $3.67B misses by $20M",Seeking Alpha,https://seekingalpha.com/news/3963909-amcor-gaap-eps-of-0_11-misses-0_05-revenue-of-3_67b-misses-20m?utm_source=businessinsider&utm_medium=referral,neutral,0.5117810964584351
5/2/2023 10:10:00 PM,Amcor reports third quarter result and updates fiscal 2023 outlook,PR Newswire,/news/stocks/amcor-reports-third-quarter-result-and-updates-fiscal-2023-outlook-1032283905,neutral,0.5886708498001099
5/3/2023 12:38:23 PM,Amcor slides ~7% on J.P.Morgan lowering price target,Seeking Alpha,https://seekingalpha.com/news/3964407-amcor-slides-7-on-jpmorgan-lowering-price-target?utm_source=businessinsider&utm_medium=referral,negative,0.9089745283126831
5/3/2023 4:31:07 PM,"Analysts’ Opinions Are Mixed on These Materials Stocks: CF Holdings (CF), Clearwater Paper (CLW) and Amcor (AMCR)",TipRanks,/news/stocks/analysts-opinions-are-mixed-on-these-materials-stocks-cf-holdings-cf-clearwater-paper-clw-and-amcor-amcr-1032288507,negative,0.690373957157135
5/3/2023 5:31:14 PM,"Hot Stocks: GOLD rises on earnings; EL, AMCR fall on guidance cut; PSO gains on upgrade; LLY on strong clinical data; IEP slides",Seeking Alpha,https://seekingalpha.com/news/3964740-hot-stocks-gold-rise-on-earnings-el-amcr-fall-on-guidance-cut-pso-gain-on-upgrade-lly-on-strong-clinical-data-iep-slide?utm_source=businessinsider&utm_medium=referral,positive,0.8400464653968811
5/5/2023 11:17:23 AM,Robert W. Baird Reaffirms Their Hold Rating on Amcor (AMCR),TipRanks,/news/stocks/robert-w-baird-reaffirms-their-hold-rating-on-amcor-amcr-1032296988,neutral,0.82994544506073
5/5/2023 8:25:42 PM,Citigroup Keeps Their Hold Rating on Amcor (AMCR),TipRanks,/news/stocks/citigroup-keeps-their-hold-rating-on-amcor-amcr-1032298658,neutral,0.9249810576438904
5/8/2023 8:52:49 PM,Amcor buys Moda Systems in New Zealand,Seeking Alpha,https://seekingalpha.com/news/3967537-amcor-buys-moda-systems-in-new-zealand?utm_source=businessinsider&utm_medium=referral,neutral,0.9115549325942993
5/8/2023 10:30:00 PM,Amcor announces intent to acquire Moda Systems,PR Newswire,/news/stocks/amcor-announces-intent-to-acquire-moda-systems-1032303593,neutral,0.9401353001594543
5/10/2023 7:13:59 PM,7 Dividend Aristocrats to Buy and Hold Forever,InvestorPlace,/news/stocks/7-dividend-aristocrats-to-buy-and-hold-forever-1032314007,neutral,0.9306883811950684
5/22/2023 3:48:21 PM,Amcor goes ex dividend  tomorrow,Seeking Alpha,https://seekingalpha.com/news/3973833-amcor-plc-declares-missing-dividend?utm_source=businessinsider&utm_medium=referral,neutral,0.6756414771080017
6/13/2023 2:32:00 PM,Amcor Expands AmFiber™ Performance Paper Packaging to Include Culinary and Beverages,PR Newswire,/news/stocks/amcor-expands-amfiber-performance-paper-packaging-to-include-culinary-and-beverages-1032385955,positive,0.5902101993560791
7/5/2023 10:57:58 AM,Stealthy Superstars: 3 Under-the-Radar Stocks to Invest in Now,InvestorPlace,/news/stocks/stealthy-superstars-3-under-the-radar-stocks-to-invest-in-now-1032427077,neutral,0.8856930732727051
7/10/2023 5:02:11 PM,"Benzinga's Top Ratings Upgrades, Downgrades For July 10, 2023",Benzinga,/news/stocks/benzinga-s-top-ratings-upgrades-downgrades-for-july-10-2023-1032435238,neutral,0.4958188235759735
7/13/2023 1:05:00 PM,"Amcor Lift-Off winner, Greyparrot, to advance AI-powered waste analytics for circular economy",PR Newswire,/news/stocks/amcor-lift-off-winner-greyparrot-to-advance-ai-powered-waste-analytics-for-circular-economy-1032443980,positive,0.8131232261657715
7/22/2023 3:58:08 PM,3 High-Dividend Stocks to Buy for Steady Income,InvestorPlace,/news/stocks/3-high-dividend-stocks-to-buy-for-steady-income-1032467125,neutral,0.8727694749832153
8/3/2023 12:30:00 AM,Amcor to report Full Year 2023 results,PR Newswire,/news/stocks/amcor-to-report-full-year-2023-results-1032509038,neutral,0.9360320568084717
8/11/2023 3:05:00 PM,Amcor announces acquisition of scalable flexible packaging plant in high-growth Indian market,PR Newswire,/news/stocks/amcor-announces-acquisition-of-scalable-flexible-packaging-plant-in-high-growth-indian-market-1032546651,positive,0.6888846158981323
8/15/2023 3:01:13 PM,Amcor is about to announce earnings — here's what Wall Street expects,Markets Insider Automation,/news/stocks/amcor_2-stock-price-q4-earnings-preview-1032555084,neutral,0.9359717965126038
8/15/2023 9:35:00 PM,Notable earnings after Wednesday's close,Seeking Alpha,https://seekingalpha.com/news/4002932-notable-earnings-after-wednesdays-close?utm_source=businessinsider&utm_medium=referral,positive,0.8919203281402588
8/15/2023 9:35:21 PM,Amcor Q2 2023 Earnings Preview,Seeking Alpha,https://seekingalpha.com/news/4003154-amcor-q2-2023-earnings-preview?utm_source=businessinsider&utm_medium=referral,neutral,0.8918039202690125
8/16/2023 2:45:00 PM,Amcor PLC Registered Shs hosts conference call for investors,Markets Insider Automation,/news/stocks/amcor_2_conference-1032519637,neutral,0.9315094947814941
8/16/2023 8:22:24 PM,"Amcor GAAP EPS of $0.73 misses by $0.01, revenue of $14.69B misses by $110M",Seeking Alpha,https://seekingalpha.com/news/4003703-amcor-gaap-eps-of-0_73-misses-0_01-revenue-of-14_69b-misses-110m?utm_source=businessinsider&utm_medium=referral,neutral,0.581057608127594
8/16/2023 8:35:48 PM,Amcor declares $0.1225 dividend,Seeking Alpha,https://seekingalpha.com/news/4003683-amcor-plc-declares-0_1225-dividend?utm_source=businessinsider&utm_medium=referral,neutral,0.937882125377655
8/17/2023 2:25:25 AM,Goldman Sachs Keeps Their Sell Rating on Amcor (AMCR),TipRanks,/news/stocks/goldman-sachs-keeps-their-sell-rating-on-amcor-amcr-1032561434,neutral,0.9263825416564941
8/17/2023 8:55:11 AM,Bank of America Securities Remains a Sell on Amcor (AMCR),TipRanks,/news/stocks/bank-of-america-securities-remains-a-sell-on-amcor-amcr-1032562432,neutral,0.946815013885498
8/19/2023 9:04:04 AM,Analysts Offer Insights on Materials Companies: Amcor (AMCR) and ArcelorMittal (GB:0RP9),TipRanks,/news/stocks/analysts-offer-insights-on-materials-companies-amcor-amcr-and-arcelormittal-gb-0rp9-1032567701,neutral,0.9123630523681641
8/21/2023 1:25:04 PM,Amcor (AMCR) Gets a Hold from Robert W. Baird,TipRanks,/news/stocks/amcor-amcr-gets-a-hold-from-robert-w-baird-1032569880,neutral,0.8952605128288269
8/29/2023 4:47:00 PM,Amcor launches high-barrier performance paper packaging in North America,PR Newswire,/news/stocks/amcor-launches-high-barrier-performance-paper-packaging-in-north-america-1032589806,neutral,0.7544439435005188
9/5/2023 2:22:00 PM,"Amcor Demonstrating Connected Packaging at Pack Expo 2023 with VerifyMe, Inc",PR Newswire,/news/stocks/amcor-demonstrating-connected-packaging-at-pack-expo-2023-with-verifyme-inc-1032605131,neutral,0.7446565628051758
9/11/2023 4:30:00 PM,"Amcor to present at the Morgan Stanley 11th Annual Laguna Conference on September 13, 2023",PR Newswire,/news/stocks/amcor-to-present-at-the-morgan-stanley-11th-annual-laguna-conference-on-september-13-2023-1032620629,neutral,0.9449523091316223
9/13/2023 12:03:47 AM,7 Dividend Aristocrats Sporting the Highest Yields,InvestorPlace,/news/stocks/7-dividend-aristocrats-sporting-the-highest-yields-1032625065,neutral,0.6481946110725403
9/26/2023 10:10:00 PM,Amcor plc announces changes to Board of Directors,PR Newswire,/news/stocks/amcor-plc-announces-changes-to-board-of-directors-1032657380,neutral,0.7687438726425171
10/3/2023 9:58:32 PM,"Sealed Air Faces Competitive Threats Amid Market Challenges: Analyst Cautions About Debt Issues, Challenging US Cattle Cycle",Benzinga,/news/stocks/sealed-air-faces-competitive-threats-amid-market-challenges-analyst-cautions-about-debt-issues-challenging-us-cattle-cycle-1032675830,negative,0.949907660484314
10/4/2023 5:49:00 PM,Amcor's AmSky™ and AmPrima™ earn Walmart's 'Circular Connector' seal of approval,PR Newswire,/news/stocks/amcor-s-amsky-and-amprima-earn-walmart-s-circular-connector-seal-of-approval-1032678793,positive,0.8594561815261841
10/17/2023 11:30:00 PM,Amcor to report First Quarter 2024 results,PR Newswire,/news/stocks/amcor-to-report-first-quarter-2024-results-1032714242,neutral,0.9346738457679749
10/19/2023 1:15:31 PM,7 Dividend Aristocrats to Batten Down the Hatches,InvestorPlace,/news/stocks/7-dividend-aristocrats-to-batten-down-the-hatches-1032721015,neutral,0.7613499164581299
10/26/2023 5:18:00 PM,"Amcor, SK Geo Centric partner for supply of recycled content",PR Newswire,/news/stocks/amcor-sk-geo-centric-partner-for-supply-of-recycled-content-1032744865,neutral,0.7292103171348572
10/30/2023 3:01:13 PM,Amcor is about to announce its earnings — here's what to expect,Markets Insider Automation,/news/stocks/amcor_2-quarter-earnings-preview-q1-1032754436,neutral,0.9420469999313354
10/31/2023 9:10:00 PM,Amcor reports first quarter result and reaffirms outlook for fiscal 2024,PR Newswire,/news/stocks/amcor-reports-first-quarter-result-and-reaffirms-outlook-for-fiscal-2024-1032761130,neutral,0.47503435611724854
11/1/2023 12:33:20 AM,These Are the 7 Highest Yielding Dividend Aristocrats: Should You Buy Now?,InvestorPlace,/news/stocks/these-are-the-7-highest-yielding-dividend-aristocrats-should-you-buy-now-1032761624,neutral,0.9291936755180359
11/2/2023 5:37:16 AM,Hold Rating for Amcor Amid Volume Weakness and Loss of Russian Assets: A Look at Potential Cost Savings and EPS Increase,TipRanks,/news/stocks/hold-rating-for-amcor-amid-volume-weakness-and-loss-of-russian-assets-a-look-at-potential-cost-savings-and-eps-increase-1032771755,neutral,0.7850724458694458
11/2/2023 10:00:00 AM,Amcor FY23 Sustainability Report: The Future of Packaging is Here,PR Newswire,/news/stocks/amcor-fy23-sustainability-report-the-future-of-packaging-is-here-1032769121,neutral,0.912066638469696
11/3/2023 2:27:45 AM,Truist Financial Reaffirms Their Hold Rating on Amcor (AMCR),TipRanks,/news/stocks/truist-financial-reaffirms-their-hold-rating-on-amcor-amcr-1032776519,neutral,0.8089423179626465
11/8/2023 4:30:00 PM,Amcor and NOVA Chemicals announce agreement to source mechanically recycled polyethylene,PR Newswire,/news/stocks/amcor-and-nova-chemicals-announce-agreement-to-source-mechanically-recycled-polyethylene-1032795468,positive,0.9013237953186035
11/9/2023 12:10:00 PM,7 Small-Cap Stocks With Massive Growth Potential,InvestorPlace,/news/stocks/7-small-cap-stocks-with-massive-growth-potential-1032800260,positive,0.7403210997581482
12/15/2023 2:13:53 PM,The 7 Most Undervalued Sleeper Stocks to Buy in December,InvestorPlace,/news/stocks/the-7-most-undervalued-sleeper-stocks-to-buy-in-december-1032904908,neutral,0.41441720724105835
12/20/2023 12:58:48 AM,3 Sleeper Stocks That Are Ready for a Massive Breakout Rally,InvestorPlace,/news/stocks/3-sleeper-stocks-that-are-ready-for-a-massive-breakout-rally-1032914415,neutral,0.5503780245780945
12/22/2023 11:20:00 AM,High Return Hunt: 7 Dividend Stocks Offering Undiscovered Value,InvestorPlace,/news/stocks/high-return-hunt-7-dividend-stocks-offering-undiscovered-value-1032921836,neutral,0.9104637503623962
1/1/2024 12:07:00 AM,Quiet Income Kings: 3 Under-the-Radar Dividend Stocks to Buy Now,InvestorPlace,/news/stocks/quiet-income-kings-3-under-the-radar-dividend-stocks-to-buy-now-1032934410,neutral,0.9211013317108154
1/8/2024 2:26:42 AM,Truist Financial Sticks to Its Hold Rating for Amcor (AMCR),TipRanks,/news/stocks/truist-financial-sticks-to-its-hold-rating-for-amcor-amcr-1032950459,neutral,0.6990824341773987
1/9/2024 11:52:11 PM,The 3 Best Dividend Stocks That You’re Not Following (But Should Be),InvestorPlace,/news/stocks/the-3-best-dividend-stocks-that-youre-not-following-but-should-be-1032955274,neutral,0.904186487197876
1/29/2024 11:35:00 AM,7 Small-Cap Stocks to Buy for Big Gains in 2024,InvestorPlace,/news/stocks/7-small-cap-stocks-to-buy-for-big-gains-in-2024-1033005056,positive,0.8604635000228882
1/29/2024 6:47:22 PM,3 Under-$10 Stocks With Millionaire-Maker Potential,InvestorPlace,/news/stocks/3-under-10-stocks-with-millionaire-maker-potential-1033006908,negative,0.5500099658966064
1/31/2024 5:22:33 PM,Amcor To Expand Thermoforming Production Capacity In North America ,RTTNews,/news/stocks/amcor-to-expand-thermoforming-production-capacity-in-north-america-1033016173,positive,0.9361254572868347
2/5/2024 10:35:34 PM,Notable earnings after Tuesday's close,Seeking Alpha,https://seekingalpha.com/news/4062589-notable-earnings-after-tuesdays-close?utm_source=businessinsider&utm_medium=referral&feed_item_type=news,positive,0.8953564763069153
2/6/2024 9:25:30 PM,"Amcor Non-GAAP EPS of 31.30cps, revenue of $6.69B misses by $350M",Seeking Alpha,https://seekingalpha.com/news/4063469-amcor-non-gaap-eps-of-3130cps-revenue-of-669b-misses-by-350m?utm_source=businessinsider&utm_medium=referral&feed_item_type=news,neutral,0.6484964489936829
2/7/2024 9:20:22 AM,"Amcor (AMC) Slashes Jobs, Shuts Plants Amid Weak Sales",TipRanks,/news/stocks/amcor-amc-slashes-jobs-shuts-plants-amid-weak-sales-1033040176,negative,0.9710158705711365
2/7/2024 2:03:33 PM,Amcor declares $0.125 dividend,Seeking Alpha,https://seekingalpha.com/news/4063759-amcor-plc-declares-missing-dividend?utm_source=businessinsider&utm_medium=referral&feed_item_type=news,neutral,0.9202799797058105
2/9/2024 6:00:33 AM,Amcor: Hold Rating Maintained Amid Cost-Cutting Efforts and Market Volume Uncertainties,TipRanks,/news/stocks/amcor-hold-rating-maintained-amid-cost-cutting-efforts-and-market-volume-uncertainties-1033050171,negative,0.9577534198760986
2/12/2024 12:10:50 PM,"Analysts Offer Insights on Consumer Cyclical Companies: Amcor (AMCR), Madison Square Garden Entertainment Corp. (MSGE) and Holley (HLLY)",TipRanks,/news/stocks/analysts-offer-insights-on-consumer-cyclical-companies-amcor-amcr-madison-square-garden-entertainment-corp-msge-and-holley-hlly-1033057646,neutral,0.9356561303138733
2/20/2024 7:33:03 PM,The 3-Highest Yielding Dividend Aristocrats for February 2024,InvestorPlace,/news/stocks/the-3-highest-yielding-dividend-aristocrats-for-february-2024-1033084721,neutral,0.9003096222877502
3/15/2024 2:05:45 PM,Top 7 Dividend Aristocrats to Boost Your Portfolio’s Earnings,InvestorPlace,/news/stocks/top-7-dividend-aristocrats-to-boost-your-portfolios-earnings-1033168367,positive,0.8153768181800842
3/20/2024 2:46:59 AM,Amcor CEO Ron Delia To Retire; Names Peter Konieczny Interim CEO ,RTTNews,/news/stocks/amcor-ceo-ron-delia-to-retire-names-peter-konieczny-interim-ceo-1033178360,neutral,0.5864589810371399
3/20/2024 10:32:37 AM,"Harrow Posts Weak Q4 Results, Joins TeraWulf, Nasdaq And Other Big Stocks Moving Lower In Wednesday's Pre-Market Session",Benzinga,/news/stocks/harrow-posts-weak-q4-results-joins-terawulf-nasdaq-and-other-big-stocks-moving-lower-in-wednesday-s-pre-market-session-1033179510,negative,0.9716781377792358
3/20/2024 11:17:25 AM,Truist Financial Sticks to Their Hold Rating for Amcor (AMCR),TipRanks,/news/stocks/truist-financial-sticks-to-their-hold-rating-for-amcor-amcr-1033180848,neutral,0.7979980111122131
3/24/2024 9:04:00 AM,"Analysts Offer Insights on Consumer Cyclical Companies: DO & CO Aktiengesellschaft (GB:0E64), Aston Martin Lagonda Global Holdings plc (GB:AML) and Amcor (AMCR)",TipRanks,/news/stocks/analysts-offer-insights-on-consumer-cyclical-companies-do-co-aktiengesellschaft-gb-0e64-aston-martin-lagonda-global-holdings-plc-gb-aml-and-amcor-amcr-1033190920,neutral,0.9211165904998779
4/1/2024 3:00:00 PM,From Spare Change to Stock Market Gains: 3 Stocks to Buy With Your Last $10,InvestorPlace,/news/stocks/from-spare-change-to-stock-market-gains-3-stocks-to-buy-with-your-last-10-1033212789,neutral,0.8831490278244019
4/19/2024 1:55:08 PM,Bank of America Securities Remains a Sell on Amcor (AMCR),TipRanks,/news/stocks/bank-of-america-securities-remains-a-sell-on-amcor-amcr-1033267073,neutral,0.946815013885498
4/26/2024 10:00:00 AM,How Much Will $10k Invested in These Dividend Aristocrats Grow to by 2025?,InvestorPlace,/news/stocks/how-much-will-10k-invested-in-these-dividend-aristocrats-grow-to-by-2025-1033293175,neutral,0.9260013103485107
4/29/2024 3:01:13 PM,What Wall Street expects from Amcor's earnings,Markets Insider Automation,/news/stocks/amcor_2-stock-price-quarter-earnings-preview-q3-1033300298,neutral,0.9329190254211426
4/29/2024 9:35:36 PM,Notable earnings after Tuesday's close,Seeking Alpha,https://seekingalpha.com/news/4095480-notable-earnings-after-tuesdays-close?utm_source=businessinsider&utm_medium=referral&feed_item_type=news,positive,0.8953564763069153
4/29/2024 9:35:51 PM,Amcor FQ3 2024 Earnings Preview,Seeking Alpha,https://seekingalpha.com/news/4095655-amcor-fq3-2024-earnings-preview?utm_source=businessinsider&utm_medium=referral&feed_item_type=news,neutral,0.8974500298500061
4/30/2024 8:19:04 PM,"Amcor Non-GAAP EPS of $0.17 beats by $0.01, revenue of $3.41B misses by $80M",Seeking Alpha,https://seekingalpha.com/news/4096787-amcor-non-gaap-eps-of-0_17-beats-0_01-revenue-of-3_41b-misses-80m?utm_source=businessinsider&utm_medium=referral&feed_item_type=news,neutral,0.715901255607605
4/30/2024 8:30:00 PM,7 Dividend Aristocrats Paying Sky-High Yields: April 2024,InvestorPlace,/news/stocks/7-dividend-aristocrats-paying-sky-high-yields-april-2024-1033308879,neutral,0.9212493300437927
5/1/2024 12:55:24 AM,"AMCR Stock Earnings: Amcor Beats EPS, Misses Revenue for Q3 2024",InvestorPlace,/news/stocks/amcr-stock-earnings-amcor-for-q3-of-2024-1033309240,neutral,0.39839085936546326
5/1/2024 6:02:35 AM,Amcor declares $0.125 dividend,Seeking Alpha,https://seekingalpha.com/news/4096950-amcor-declares-0125-dividend?utm_source=businessinsider&utm_medium=referral&feed_item_type=news,neutral,0.9202799797058105
5/1/2024 10:51:08 AM,Analysts Offer Insights on Consumer Cyclical Companies: Amcor (AMCR) and Starbucks (SBUX),TipRanks,/news/stocks/analysts-offer-insights-on-consumer-cyclical-companies-amcor-amcr-and-starbucks-sbux-1033313673,neutral,0.9166885614395142
5/2/2024 6:38:17 AM,Maintaining Hold on Amcor: A Cautious Outlook Amidst Gradual Recovery and Persistent Challenges,TipRanks,/news/stocks/maintaining-hold-on-amcor-a-cautious-outlook-amidst-gradual-recovery-and-persistent-challenges-1033318530,negative,0.6474730968475342
5/3/2024 2:20:36 PM,9 out of 12 S&P500 materials stocks deliver EPS wins this week: Earnings Scorecard,Seeking Alpha,https://seekingalpha.com/news/4099373-materials-earnings-scorecard?utm_source=businessinsider&utm_medium=referral&feed_item_type=news,neutral,0.4805071949958801
5/6/2024 11:15:36 AM,Truist Financial Sticks to Their Hold Rating for Amcor (AMCR),TipRanks,/news/stocks/truist-financial-sticks-to-their-hold-rating-for-amcor-amcr-1033334004,neutral,0.7979980111122131
5/17/2024 6:40:17 PM,Here are the biggest single-session post-results gains from the recent earnings season,Seeking Alpha,https://seekingalpha.com/news/4108012-top-30-largest-1-day-gains-by-stocks-from-their-respected-earnings-announcements?utm_source=businessinsider&utm_medium=referral&feed_item_type=news,neutral,0.7174318432807922
5/18/2024 10:17:00 AM,3 Cheap Mid-Cap Stocks That Will Make Early Investors Filthy Rich,InvestorPlace,/news/stocks/3-cheap-mid-cap-stocks-that-will-make-early-investors-filthy-rich-1033400928,neutral,0.8342118859291077
6/26/2024 4:00:00 PM,The 3 Highest-Yielding Dividend Aristocrats to Buy This Summer,InvestorPlace,/news/stocks/the-3-highest-yielding-dividend-aristocrats-to-buy-this-summer-1033508704,neutral,0.8218115568161011
6/28/2024 9:56:20 AM,Amcor: Hold Rating Justified by Near-Term Challenges and Long-Term Growth Prospects,TipRanks,/news/stocks/amcor-hold-rating-justified-by-near-term-challenges-and-long-term-growth-prospects-1033514943,positive,0.8023954629898071
7/2/2024 8:45:00 PM,7 Dividend Aristocrats That Will Have Investors in High-Yield Heaven,InvestorPlace,/news/stocks/7-dividend-aristocrats-that-will-have-investors-in-high-yield-heaven-1033524556,neutral,0.8748617172241211
7/11/2024 1:05:42 PM,Amcor (AMCR) Gets a Sell from Bank of America Securities,TipRanks,/news/stocks/amcor-amcr-gets-a-sell-from-bank-of-america-securities-1033548141,neutral,0.6861215233802795
7/17/2024 10:26:00 AM,7 Dividend Aristocrats Offering High-Yield Returns,InvestorPlace,/news/stocks/7-dividend-aristocrats-offering-high-yield-returns-1033563385,neutral,0.827491819858551
7/17/2024 4:11:29 PM,Amcor (AMCR) Receives a Hold from Wells Fargo,TipRanks,/news/stocks/amcor-amcr-receives-a-hold-from-wells-fargo-1033565401,neutral,0.8626340627670288
7/18/2024 11:35:40 PM,3 Sustainable Packaging Stocks Wrapping Up Profits,InvestorPlace,/news/stocks/3-sustainable-packaging-stocks-wrapping-up-profits-1033570351,positive,0.7737061977386475
7/29/2024 6:36:10 PM,Time-Tested Stocks: 3 Dividend Aristocrats With Yields Over 4%,InvestorPlace,/news/stocks/time-tested-stocks-3-dividend-aristocrats-with-yields-over-4-1033607690,neutral,0.887539803981781
8/9/2024 3:13:05 PM,74 S&P 500 stocks that can beat the cash yield - BofA,Seeking Alpha,https://seekingalpha.com/news/4138195-74-sp-500-stocks-that-can-beat-the-cash-yield-bofa?utm_source=businessinsider&utm_medium=referral&feed_item_type=news,neutral,0.6393481492996216
8/14/2024 3:01:13 PM,Here's what to expect from Amcor's earnings report,Markets Insider Automation,/news/stocks/amcor_2-q4-earnings-preview-1033688067,neutral,0.9349033236503601
8/14/2024 9:35:58 PM,Amcor FY 2024 Earnings Preview,Seeking Alpha,https://seekingalpha.com/news/4139865-amcor-fy-2024-earnings-preview?utm_source=businessinsider&utm_medium=referral&feed_item_type=news,neutral,0.825517475605011
8/15/2024 2:00:00 PM,Here's the major earnings after the close today,Seeking Alpha,https://seekingalpha.com/news/4139761-heres-the-major-earnings-after-the-close-today?utm_source=businessinsider&utm_medium=referral&feed_item_type=news,neutral,0.929767906665802
8/15/2024 8:21:10 PM,"Amcor Non-GAAP EPS of $0.21 beats by $0.01, revenue of $3.54B misses by $90M",Seeking Alpha,https://seekingalpha.com/news/4140773-amcor-non-gaap-eps-of-0_21-beats-0_01-revenue-of-3_54b-misses-90m?utm_source=businessinsider&utm_medium=referral&feed_item_type=news,neutral,0.7049453854560852
8/15/2024 8:22:02 PM,Amcor declares $0.125 dividend,Seeking Alpha,https://seekingalpha.com/news/4140753-amcor-plc-declares-0_125-dividend?utm_source=businessinsider&utm_medium=referral&feed_item_type=news,neutral,0.9202799797058105
8/15/2024 8:54:11 PM,"Earnings Summary: Amcor posts mixed FQ4; expects volumes, earnings to remain strong in FY25",Seeking Alpha,https://seekingalpha.com/news/4140725-earnings-summary-amcor?utm_source=businessinsider&utm_medium=referral&feed_item_type=news,positive,0.7155839204788208
8/15/2024 9:29:16 PM,Amcor FQ4 sales miss offsets as-expected profit and guidance,Seeking Alpha,https://seekingalpha.com/news/4140825-amcor-fq4-sales-miss-offsets-expected-profit-and-guidance?utm_source=businessinsider&utm_medium=referral&feed_item_type=news,negative,0.8627898693084717
8/15/2024 10:48:32 PM,"Amcor Announces FY25 Outlook, Dividend - Update ",RTTNews,/news/stocks/amcor-announces-fy25-outlook-dividend-update-1033696725,neutral,0.9313827753067017
8/16/2024 12:52:57 AM,"AMCR Stock Earnings: Amcor Beats EPS, Misses Revenue for Q4 2024",InvestorPlace,/news/stocks/amcr-stock-earnings-amcor-for-q4-of-2024-1033696830,negative,0.3980977237224579
8/16/2024 1:35:54 AM,UBS Keeps Their Hold Rating on Amcor PLC Shs Chess Depository Interests (AMC),TipRanks,/news/stocks/ubs-keeps-their-hold-rating-on-amcor-plc-shs-chess-depository-interests-amc-1033698740,neutral,0.9242916107177734
8/16/2024 2:15:15 AM,Amcor Sell Rating Maintained Amidst Consumer Demand Concerns and Valuation Risks,TipRanks,/news/stocks/amcor-sell-rating-maintained-amidst-consumer-demand-concerns-and-valuation-risks-1033699126,negative,0.6778890490531921
8/16/2024 8:45:58 AM,Amcor’s Steady Financial Outlook Affirms Hold Rating Amid Modest Growth Projections,TipRanks,/news/stocks/amcor-s-steady-financial-outlook-affirms-hold-rating-amid-modest-growth-projections-1033700090,positive,0.8989890813827515
8/16/2024 10:15:13 AM,"Analysts’ Opinions Are Mixed on These Consumer Cyclical Stocks: Tapestry (TPR), Amcor (AMCR) and JD (JD)",TipRanks,/news/stocks/analysts-opinions-are-mixed-on-these-consumer-cyclical-stocks-tapestry-tpr-amcor-amcr-and-jd-jd-1033700368,negative,0.7753140330314636
8/16/2024 10:27:38 AM,"Analysts Conflicted on These Consumer Cyclical Names: Lulu’s Fashion Lounge Holdings (LVLU), Chewy (CHWY) and Amcor (AMCR)",TipRanks,/news/stocks/analysts-conflicted-on-these-consumer-cyclical-names-lulu-s-fashion-lounge-holdings-lvlu-chewy-chwy-and-amcor-amcr-1033700467,negative,0.8363302946090698
8/16/2024 10:40:46 AM,Amcor PLC: Hold Rating Affirmed Amid Steady Performance and Modest Growth Prospects,TipRanks,/news/stocks/amcor-plc-hold-rating-affirmed-amid-steady-performance-and-modest-growth-prospects-1033700427,positive,0.9551492929458618
8/19/2024 1:05:07 AM,Macquarie Reaffirms Their Buy Rating on Amcor PLC Shs Chess Depository Interests (AMC),TipRanks,/news/stocks/macquarie-reaffirms-their-buy-rating-on-amcor-plc-shs-chess-depository-interests-amc-1033702488,neutral,0.895831286907196
8/19/2024 12:16:22 PM,J.P. Morgan Reaffirms Their Buy Rating on Amcor PLC Shs Chess Depository Interests (AMC),TipRanks,/news/stocks/j-p-morgan-reaffirms-their-buy-rating-on-amcor-plc-shs-chess-depository-interests-amc-1033704778,neutral,0.8953563570976257
8/20/2024 12:05:42 AM,Amcor PLC Shs Chess Depository Interests (AMC) Gets a Hold from Citi,TipRanks,/news/stocks/amcor-plc-shs-chess-depository-interests-amc-gets-a-hold-from-citi-1033705504,neutral,0.9258532524108887
8/20/2024 12:16:19 PM,Amcor PLC Shs Chess Depository Interests (AMC) Receives a Hold from Jefferies,TipRanks,/news/stocks/amcor-plc-shs-chess-depository-interests-amc-receives-a-hold-from-jefferies-1033708127,neutral,0.9256337881088257
8/23/2024 11:15:14 AM,Truist Financial Reaffirms Their Hold Rating on Amcor (AMCR),TipRanks,/news/stocks/truist-financial-reaffirms-their-hold-rating-on-amcor-amcr-1033718598,neutral,0.8089423179626465
9/4/2024 10:28:01 PM,Amcor Names Peter Konieczny CEO ,RTTNews,/news/stocks/amcor-names-peter-konieczny-ceo-1033748773,neutral,0.9382085204124451
9/5/2024 11:06:04 AM,Amcor’s Strategic Continuity and Leadership Transition: A Hold Rating Perspective,TipRanks,/news/stocks/amcor-s-strategic-continuity-and-leadership-transition-a-hold-rating-perspective-1033751241,neutral,0.7479377388954163
10/15/2024 10:20:41 AM,"Analysts Have Conflicting Sentiments on These Consumer Cyclical Companies: Lululemon Athletica (LULU), Amcor (AMCR) and PUMA SE NPV (OtherPMMAF)",TipRanks,/news/stocks/analysts-have-conflicting-sentiments-on-these-consumer-cyclical-companies-lululemon-athletica-lulu-amcor-amcr-and-puma-se-npv-otherpmmaf-1033846859,negative,0.927789032459259
10/28/2024 2:35:06 AM,UBS Keeps Their Hold Rating on Amcor PLC Shs Chess Depository Interests (AMC),TipRanks,/news/stocks/ubs-keeps-their-hold-rating-on-amcor-plc-shs-chess-depository-interests-amc-1033899067,neutral,0.9242916107177734
10/30/2024 9:35:42 PM,Amcor Q1 2025 Earnings Preview,Seeking Alpha,https://seekingalpha.com/news/4226166-amcor-q1-2025-earnings-preview?utm_source=businessinsider&utm_medium=referral&feed_item_type=news,neutral,0.897854208946228
10/31/2024 2:00:00 PM,Here are the major earnings after the close today,Seeking Alpha,https://seekingalpha.com/news/4223336-here-are-the-major-earnings-after-the-close-today?utm_source=businessinsider&utm_medium=referral&feed_item_type=news,neutral,0.9299408793449402
10/31/2024 8:13:42 PM,"Amcor Non-GAAP EPS of $0.16 in-line, revenue of $3.35B misses by $100M",Seeking Alpha,https://seekingalpha.com/news/4231511-amcor-non-gaap-eps-of-0_16-in-line-revenue-of-3_35b-misses-100m?utm_source=businessinsider&utm_medium=referral&feed_item_type=news,positive,0.7454210519790649
11/1/2024 12:05:40 AM,Amcor PLC Shs Chess Depository Interests (AMC) Receives a Rating Update from a Top Analyst,TipRanks,/news/stocks/amcor-plc-shs-chess-depository-interests-amc-receives-a-rating-update-from-a-top-analyst-1033932145,neutral,0.8820013403892517
11/1/2024 2:35:06 AM,Amcor PLC Shs Chess Depository Interests (AMC) Gets a Hold from UBS,TipRanks,/news/stocks/amcor-plc-shs-chess-depository-interests-amc-gets-a-hold-from-ubs-1033933669,neutral,0.9314165711402893
11/1/2024 4:20:27 AM,Amcor’s Q1 Results Show Growth and Reaffirm Guidance,TipRanks,/news/stocks/amcor-s-q1-results-show-growth-and-reaffirm-guidance-1033934417,positive,0.9548758268356323
11/1/2024 11:37:41 AM,Amcor (AMCR) Gets a Hold from Truist Financial,TipRanks,/news/stocks/amcor-amcr-gets-a-hold-from-truist-financial-1033937113,neutral,0.9309753179550171
11/1/2024 12:11:47 PM,Amcor raises dividend by 2% to $0.1275,Seeking Alpha,https://seekingalpha.com/news/4233285-amcor-raises-dividend-by-2-to-01275?utm_source=businessinsider&utm_medium=referral&feed_item_type=news,positive,0.8415471911430359
11/4/2024 11:08:58 AM,Amcor’s Hold Rating: Navigating Challenges Amid Mixed Segment Performance and Leadership Change,TipRanks,/news/stocks/amcor-s-hold-rating-navigating-challenges-amid-mixed-segment-performance-and-leadership-change-1033944150,negative,0.41809675097465515
11/11/2024 10:15:33 AM,Amcor AmFiber Performance Paper receives European patent,TipRanks,/news/stocks/amcor-amfiber-performance-paper-receives-european-patent-1033991778,positive,0.6830182671546936
11/19/2024 10:25:28 AM,"Amcor, Berry Global to combine in all-stock transaction",TipRanks,/news/stocks/amcor-berry-global-to-combine-in-all-stock-transaction-1034036145,neutral,0.9142111539840698
11/19/2024 10:27:09 AM,Amcor to buy Berry Global in $8.4B all-stock deal,Seeking Alpha,https://seekingalpha.com/news/4305630-amcor-to-buy-berry-global-in-84b-all-stock-deal?utm_source=businessinsider&utm_medium=referral&feed_item_type=news,neutral,0.9138777256011963
11/19/2024 10:55:19 AM,Amcor And Berry To Combine In All-stock Deal - Quick Facts ,RTTNews,/news/stocks/amcor-and-berry-to-combine-in-all-stock-deal-quick-facts-1034034979,neutral,0.864080011844635
11/19/2024 11:32:58 AM,Amcor and Berry Global Announce Strategic Merger,TipRanks,/news/stocks/amcor-and-berry-global-announce-strategic-merger-1034036774,neutral,0.8696048259735107
11/20/2024 12:05:30 AM,Morgan Stanley Reaffirms Their Hold Rating on Amcor PLC Shs Chess Depository Interests (AMC),TipRanks,/news/stocks/morgan-stanley-reaffirms-their-hold-rating-on-amcor-plc-shs-chess-depository-interests-amc-1034039409,neutral,0.8986703753471375
11/20/2024 11:35:41 AM,BofA moves to No Rating on Berry Global following Amcor merger announcement,TipRanks,/news/stocks/bofa-moves-to-no-rating-on-berry-global-following-amcor-merger-announcement-1034042438,neutral,0.7603176832199097
11/20/2024 2:12:03 PM,Berry Global price target lowered to $72 from $74 at Truist,TipRanks,/news/stocks/berry-global-price-target-lowered-to-72-from-74-at-truist-1034043920,negative,0.6738264560699463
11/21/2024 6:36:31 AM,Amcor’s Merger-Induced Uncertainty Leads to Hold Rating Amidst Market Challenges,TipRanks,/news/stocks/amcor-s-merger-induced-uncertainty-leads-to-hold-rating-amidst-market-challenges-1034047274,negative,0.9144920110702515
11/21/2024 2:35:07 PM,Berry Global price target raised to $73 from $69 at RBC Capital,TipRanks,/news/stocks/berry-global-price-target-raised-to-73-from-69-at-rbc-capital-1034050725,positive,0.9473482966423035
11/22/2024 1:05:17 AM,Amcor PLC Shs Chess Depository Interests (AMC) Receives a Hold from UBS,TipRanks,/news/stocks/amcor-plc-shs-chess-depository-interests-amc-receives-a-hold-from-ubs-1034052129,neutral,0.9183176159858704
11/22/2024 1:15:17 PM,Amcor PLC Shs Chess Depository Interests (AMC) Receives a Rating Update from a Top Analyst,TipRanks,/news/stocks/amcor-plc-shs-chess-depository-interests-amc-receives-a-rating-update-from-a-top-analyst-1034055906,neutral,0.8820013403892517
11/23/2024 7:36:00 PM,"Key deals this week:  Amcor, ONEOK, Grifols, N-able and more",Seeking Alpha,https://seekingalpha.com/news/4316339-key-deals-this-week-amcor-oneok-grifols-n-able-and-more?utm_source=businessinsider&utm_medium=referral&feed_item_type=news,neutral,0.9068970084190369
11/24/2024 2:31:32 PM,"Berry Global shareholders unlikely to challenge Amcor all-stock deal, analyst says",Seeking Alpha,https://seekingalpha.com/news/4326668-berry-global-holders-unlikely-to-challenge-amcor-all-stock-deal-analyst-says?utm_source=businessinsider&utm_medium=referral&feed_item_type=news,neutral,0.7769922018051147
11/25/2024 10:40:14 AM,Berry Global resumed with an Overweight at JPMorgan,TipRanks,/news/stocks/berry-global-resumed-with-an-overweight-at-jpmorgan-1034060331,neutral,0.6935279369354248
11/25/2024 10:40:22 AM,Berry Global resumed with a Neutral at Citi,TipRanks,/news/stocks/berry-global-resumed-with-a-neutral-at-citi-1034060330,neutral,0.698046088218689
11/25/2024 2:00:07 PM,Berry Global Group rated as Overweight at J.P. Morgan on acquisition,Seeking Alpha,https://seekingalpha.com/news/4329831-berry-global-group-rated-as-overweight-at-jp-morgan-on-acquisition?utm_source=businessinsider&utm_medium=referral&feed_item_type=news,neutral,0.8803070783615112
11/27/2024 2:00:24 PM,Amcor upgraded to Outperform from Neutral at Macquarie,TipRanks,/news/stocks/amcor-upgraded-to-outperform-from-neutral-at-macquarie-1034072753,positive,0.9421319365501404
11/27/2024 2:06:03 PM,Amcor upgraded to Outperform at Macquarie after Berry takeover deal,TipRanks,/news/stocks/amcor-upgraded-to-outperform-at-macquarie-after-berry-takeover-deal-1034072738,positive,0.9526751041412354
11/27/2024 2:06:18 PM,Amcor upgraded to Outperform at Macquarie after Berry takeover deal,TipRanks,/news/stocks/amcor-upgraded-to-outperform-at-macquarie-after-berry-takeover-deal-1034072736,positive,0.9526751041412354
11/27/2024 2:40:46 PM,"Booking initiated, Workday downgraded: Wall Street’s top analyst calls",TipRanks,/news/stocks/booking-initiated-workday-downgraded-wall-street-s-top-analyst-calls-1034072829,negative,0.8484535813331604
12/6/2024 1:11:47 PM,Amcor management to meet with Truist,TipRanks,/news/stocks/amcor-management-to-meet-with-truist-1034108839,neutral,0.9336775541305542
12/10/2024 8:00:34 PM,Ancora says market not yet recognizing value of Amcor deal for Berry,TipRanks,/news/stocks/ancora-says-market-not-yet-recognizing-value-of-amcor-deal-for-berry-1034121530,neutral,0.9022128582000732
12/10/2024 8:02:26 PM,Activist investor Ancora pitches Amcor with its planned acquisition of Berry,Seeking Alpha,https://seekingalpha.com/news/4383893-activist-investor-ancora-pitches-amcor-with-its-planned-acquisition-of-berry?utm_source=businessinsider&utm_medium=referral&feed_item_type=news,neutral,0.5263732671737671
12/11/2024 11:35:37 AM,Amcor upgraded to Buy from Underperform at BofA,TipRanks,/news/stocks/amcor-upgraded-to-buy-from-underperform-at-bofa-1034124674,positive,0.9441433548927307
12/11/2024 11:41:29 AM,Ardagh Metal Packaging downgraded to Underperform from Buy at BofA,TipRanks,/news/stocks/ardagh-metal-packaging-downgraded-to-underperform-from-buy-at-bofa-1034124614,negative,0.9121347665786743
12/11/2024 12:56:58 PM,Truist Financial Sticks to Their Hold Rating for Amcor (AMCR),TipRanks,/news/stocks/truist-financial-sticks-to-their-hold-rating-for-amcor-amcr-1034125493,neutral,0.7979980111122131
12/11/2024 2:45:06 PM,Amcor (AMCR) Gets a Buy from Bank of America Securities,TipRanks,/news/stocks/amcor-amcr-gets-a-buy-from-bank-of-america-securities-1034126226,neutral,0.6379196047782898
12/14/2024 1:25:00 PM,"Key deals for the week: Patterson, Hershey & Mondelez, AIG & Nippon and more",Seeking Alpha,https://seekingalpha.com/news/4386404-key-deals-for-the-week-patterson-hershey-mondelez-aig-nippon-agnico-eagle-and-more?utm_source=businessinsider&utm_medium=referral&feed_item_type=news,neutral,0.9401251673698425
12/30/2024 3:05:21 PM,Amcor completes sale of BCNA joint venture interest for $122M,TipRanks,/news/stocks/amcor-completes-sale-of-bcna-joint-venture-interest-for-122m-1034180681,neutral,0.8826790452003479
1/6/2025 10:50:09 AM,Amcor upgraded to Buy from Neutral at Citi,TipRanks,/news/stocks/amcor-upgraded-to-buy-from-neutral-at-citi-1034194462,positive,0.8260185122489929
1/6/2025 11:36:36 AM,Amcor upgraded to Buy from Hold at Truist,TipRanks,/news/stocks/amcor-upgraded-to-buy-from-hold-at-truist-1034194762,neutral,0.6662769913673401
1/6/2025 9:32:43 PM,Amcor Announces Strategic Leadership Changes,TipRanks,/news/stocks/amcor-announces-strategic-leadership-changes-1034197244,neutral,0.9217442274093628
1/7/2025 11:59:06 AM,Amcor (AMCR) was upgraded to a Buy Rating at Citi,TipRanks,/news/stocks/amcor-amcr-was-upgraded-to-a-buy-rating-at-citi-1034200746,positive,0.8672860264778137
1/13/2025 6:16:18 AM,Positive Report for Amcor PLC Shs Chess Depository Interests (AMC) from Citi,TipRanks,/news/stocks/positive-report-for-amcor-plc-shs-chess-depository-interests-amc-from-citi-1034219335,neutral,0.5875200629234314
1/13/2025 8:44:02 PM,Wells Fargo’s Harvey: Investors could be driving pricing strategy in stocks,Seeking Alpha,https://seekingalpha.com/news/4394684-wells-fargo-s-harvey-investors-could-be-driving-pricing-strategy-in-stocks?utm_source=businessinsider&utm_medium=referral&feed_item_type=news,neutral,0.8607093095779419
1/19/2025 6:05:04 AM,Amcor PLC Shs Chess Depository Interests (AMC) Receives a New Rating from a Top Analyst,TipRanks,/news/stocks/amcor-plc-shs-chess-depository-interests-amc-receives-a-new-rating-from-a-top-analyst-1034242384,positive,0.834007978439331
1/23/2025 9:25:18 PM,"Berry Global, Amcor announce milestones toward deal completion",TipRanks,/news/stocks/berry-global-amcor-announce-milestones-toward-deal-completion-1034263515,positive,0.8586148619651794
2/3/2025 12:05:09 AM,UBS Keeps Their Hold Rating on Amcor PLC Shs Chess Depository Interests (AMC),TipRanks,/news/stocks/ubs-keeps-their-hold-rating-on-amcor-plc-shs-chess-depository-interests-amc-1034299252,neutral,0.9242916107177734
2/3/2025 5:18:12 PM,Amcor Q2 2025 Earnings Preview,Seeking Alpha,https://seekingalpha.com/news/4402102-amcor-q2-2025-earnings-preview?utm_source=businessinsider&utm_medium=referral&feed_item_type=news,neutral,0.8997173309326172
2/3/2025 7:10:28 PM,Amcor upgraded to Buy from Hold at Jefferies,TipRanks,/news/stocks/amcor-upgraded-to-buy-from-hold-at-jefferies-1034305419,neutral,0.5005170702934265
2/3/2025 7:35:06 PM,Positive Report for Amcor PLC Shs Chess Depository Interests (AMC) from Jefferies,TipRanks,/news/stocks/positive-report-for-amcor-plc-shs-chess-depository-interests-amc-from-jefferies-1034305461,neutral,0.6895499229431152
2/3/2025 11:00:37 PM,Here's the major earnings before the open tomorrow,Seeking Alpha,https://seekingalpha.com/news/4402088-heres-the-major-earnings-before-the-open-tomorrow?utm_source=businessinsider&utm_medium=referral&feed_item_type=news,neutral,0.9330109357833862
2/4/2025 11:16:12 AM,"Amcor reports Q2 adjusted EPS 16c, consensus 16c",TipRanks,/news/stocks/amcor-reports-q2-adjusted-eps-16c-consensus-16c-1034308281,neutral,0.889846920967102
2/4/2025 11:22:10 AM,"Amcor backs FY25 adjusted EPS view 72c-76c, consensus 74c",TipRanks,/news/stocks/amcor-backs-fy25-adjusted-eps-view-72c-76c-consensus-74c-1034308244,neutral,0.8932412266731262
2/4/2025 11:31:22 AM,"Amcor Non-GAAP EPS of $0.16 in-line, revenue of $3.24B misses by $80M; reaffirms FY outlook",Seeking Alpha,https://seekingalpha.com/news/4402558-amcor-non-gaap-eps-of-016-in-line-revenue-of-324b-misses-by-80m-reaffirms-fy-outlook?utm_source=businessinsider&utm_medium=referral&feed_item_type=news,positive,0.9225921034812927
2/4/2025 3:00:11 PM,Early notable gainers among liquid option names on February 4th,TipRanks,/news/stocks/early-notable-gainers-among-liquid-option-names-on-february-4th-1034310143,positive,0.9107764363288879
2/5/2025 12:06:08 AM,Amcor PLC Shs Chess Depository Interests (AMC) Receives a Rating Update from a Top Analyst,TipRanks,/news/stocks/amcor-plc-shs-chess-depository-interests-amc-receives-a-rating-update-from-a-top-analyst-1034311787,neutral,0.8820013403892517
2/5/2025 11:01:25 AM,"Analysts Conflicted on These Consumer Cyclical Names: Amcor (AMCR), Graphic Packaging (GPK) and The Estée Lauder Companies (EL)",TipRanks,/news/stocks/analysts-conflicted-on-these-consumer-cyclical-names-amcor-amcr-graphic-packaging-gpk-and-the-estée-lauder-companies-el-1034314504,negative,0.6003842353820801
2/6/2025 12:38:09 PM,Truist Financial Remains a Buy on Amcor (AMCR),TipRanks,/news/stocks/truist-financial-remains-a-buy-on-amcor-amcr-1034322346,neutral,0.93167644739151
2/7/2025 12:07:40 PM,J.P. Morgan Remains a Buy on Amcor (AMCR),TipRanks,/news/stocks/j-p-morgan-remains-a-buy-on-amcor-amcr-1034326956,neutral,0.9484180808067322
