,datetime,title,source,link,sentiment_class,sentiment_score
0,10/4/2016 4:10:24 PM,"BRIEF-Jack Henry & Associates Inc - has partnered with visa to deliver faster p2p payments (JKHY, V)",Reuters,/news/stocks/brief-jack-henry-&-associates-inc-has-partnered-with-visa-to-deliver-faster-p2p-payments-jkhy-v-1001435489,negative,0.9200473427772522
1,11/7/2016 11:16:20 PM,BRIEF-Jack Henry & Associates posts Q1 earnings per share $0.79 (JKHY),Reuters,http://www.businessinsider.com/r-brief-jack-henry--associates-posts-q1-earnings-per-share-079-2016-11,positive,0.7859076261520386
2,11/29/2016 3:36:11 PM,"BRIEF-Jack Henry & Associates, Inc. and early warning unveil strategic partnership (JKHY)",Reuters,http://www.businessinsider.com/r-brief-jack-henry--associates-inc-and-early-warning-unveil-strategic-partnership-2016-11,positive,0.7012742757797241
3,2/13/2017 2:36:15 PM,BRIEF-Jack Henry & Associates increases qtrly dividend on its common stock by 11 pct to $0.31 per share (JKHY),Reuters,http://www.businessinsider.com/r-brief-jack-henry--associates-increases-qtrly-dividend-on-its-common-stock-by-11-pct-to-031-per-share-2017-2,negative,0.9362212419509888
4,2/23/2017 2:00:00 PM,Rosedale Federal Savings & Loan Association Selects Jack Henry Banking's SilverLake System,PR Newswire,/news/stocks/rosedale-federal-savings-loan-association-selects-jack-henry-banking-s-silverlake-system-1001776963,positive,0.8433933854103088
5,2/28/2017 2:00:00 PM,Symitar Launches SymApp to Centralize Account Openings,PR Newswire,/news/stocks/symitar-launches-symapp-to-centralize-account-openings-1001789940,positive,0.8565713763237
6,3/14/2017 1:00:00 PM,Jack Henry & Associates Partners with Geezeo to Introduce JHA Online Financial Management,PR Newswire,/news/stocks/jack-henry-associates-partners-with-geezeo-to-introduce-jha-online-financial-management-1001833206,positive,0.7405328750610352
7,3/21/2017 1:00:00 PM,"VA Desert Pacific Federal Credit Union, East Idaho Credit Union Select Symitar EASE",PR Newswire,/news/stocks/va-desert-pacific-federal-credit-union-east-idaho-credit-union-select-symitar-ease-1001853526,positive,0.9295625686645508
8,3/28/2017 2:00:00 PM,Two ProfitStars Solutions Selected by ICBA Preferred Service Provider Program,PR Newswire,/news/stocks/two-profitstars-solutions-selected-by-icba-preferred-service-provider-program-1001873524,positive,0.8224420547485352
9,4/18/2017 2:00:00 PM,Jack Henry & Associates To Provide Webcast Of Third Quarter Fiscal Year 2017 Earnings Call,PR Newswire,/news/stocks/jack-henry-associates-to-provide-webcast-of-third-quarter-fiscal-year-2017-earnings-call-1001926618,positive,0.9359650015830994
10,4/25/2017 2:00:00 PM,ProfitStars Adds CECL DataStore and Validation to Financial Performance Suite,PR Newswire,/news/stocks/profitstars-adds-cecl-datastore-and-validation-to-financial-performance-suite-1001946158,positive,0.794059157371521
11,4/27/2017 2:00:00 PM,Symitar Gains Six New Billion-Dollar Core Relationships,PR Newswire,/news/stocks/symitar-gains-six-new-billion-dollar-core-relationships-1001956557,negative,0.846440315246582
12,5/2/2017 10:15:00 PM,Jack Henry & Associates Ends Third Quarter Fiscal 2017 With 6% Increase In Revenue,PR Newswire,/news/stocks/jack-henry-associates-ends-third-quarter-fiscal-2017-with-6-increase-in-revenue-1001971369,negative,0.942543089389801
13,5/4/2017 2:00:00 PM,Jack Henry & Associates Announces Strategic Partnerships with First Data and PSCU,PR Newswire,/news/stocks/jack-henry-associates-announces-strategic-partnerships-with-first-data-and-pscu-1001979353,positive,0.590053915977478
14,5/8/2017 2:00:00 PM,Jack Henry & Associates Announces Regular Quarterly Dividend,PR Newswire,/news/stocks/jack-henry-associates-announces-regular-quarterly-dividend-1001989158,positive,0.9164429306983948
15,5/9/2017 2:00:00 PM,Jack Henry & Associates Appoints David B. Foss to Board of Directors,PR Newswire,/news/stocks/jack-henry-associates-appoints-david-b-foss-to-board-of-directors-1001993919,positive,0.903499186038971
16,5/9/2017 2:26:05 PM,BRIEF-Jack Henry & Associates says appoints David Foss to board (JKHY),Reuters,http://www.businessinsider.com/r-brief-jack-henry--associates-says-appoints-david-foss-to-board-2017-5,positive,0.9369775056838989
17,5/10/2017 2:00:00 PM,Dover Federal Credit Union Selects Symitar's Episys Core System,PR Newswire,/news/stocks/dover-federal-credit-union-selects-symitar-s-episys-core-system-1001998962,positive,0.9190077185630798
18,5/11/2017 2:00:00 PM,Jack Henry & Associates Named to America's Best Employers List by Forbes,PR Newswire,/news/stocks/jack-henry-&-associates-named-to-americas-best-employers-list-by-forbes-663315,negative,0.6588778495788574
19,5/17/2017 2:00:00 PM,"More U.S. Banks Chose the SilverLake System Above Other Core Platforms in 2016, According to IBS Intelligence's Annual Sales League Table",PR Newswire,/news/stocks/more-u-s-banks-chose-the-silverlake-system-above-other-core-platforms-in-2016-according-to-ibs-intelligence-s-annual-sales-league-table-1002020679,negative,0.7412420511245728
20,6/20/2017 2:00:00 PM,TruStone Financial Federal Credit Union Launches Banno Mobile,PR Newswire,/news/stocks/trustone-financial-federal-credit-union-launches-banno-mobile-1002107260,positive,0.905721127986908
21,6/22/2017 7:32:00 PM,CFM Teams Up with Symitar to Transform the Branch Experience Through Core-Integrated Solutions,PR Newswire,/news/stocks/cfm-teams-up-with-symitar-to-transform-the-branch-experience-through-core-integrated-solutions-1002117395,negative,0.7922092080116272
22,6/28/2017 2:00:00 PM,ProfitStars Introduces Gladiator Virtual Information Security Officer,PR Newswire,/news/stocks/profitstars-introduces-gladiator-virtual-information-security-officer-1002130920,positive,0.9409999251365662
23,7/11/2017 2:00:00 PM,American National Bank Selects Jack Henry Banking's SilverLake System,PR Newswire,/news/stocks/american-national-bank-selects-jack-henry-bankings-silverlake-system-480196,positive,0.7929322719573975
24,8/2/2017 1:00:00 PM,Spire Reports Third Quarter Results,PR Newswire,/news/stocks/spire-reports-third-quarter-results-1001561957,positive,0.8278153538703918
25,8/8/2017 2:00:00 PM,Jack Henry & Associates To Provide Webcast Of Fourth Quarter And Fiscal Year End 2017 Earnings Call,PR Newswire,/news/stocks/jack-henry-associates-to-provide-webcast-of-fourth-quarter-and-fiscal-year-end-2017-earnings-call-1002240314,positive,0.9414640069007874
26,8/15/2017 10:15:00 PM,Jack Henry & Associates Ends Fiscal 2017 With 6% Increase In Revenue,PR Newswire,/news/stocks/jack-henry-associates-ends-fiscal-2017-with-6-increase-in-revenue-1002259890,negative,0.9391031265258789
27,8/15/2017 10:42:14 PM,BRIEF-Jack Henry & Associates reports Q4 earnings per share $0.83 (JKHY),Reuters,http://www.businessinsider.com/r-brief-jack-henry--associates-reports-q4-earnings-per-share-083-2017-8,positive,0.7988012433052063
28,8/21/2017 2:00:00 PM,Jack Henry & Associates Announces Regular Quarterly Dividend,PR Newswire,/news/stocks/jack-henry-associates-announces-regular-quarterly-dividend-1002272028,positive,0.9164429306983948
29,8/24/2017 9:01:00 PM,Burns & McDonnell Promotes 11 Employee-Owners into Firm's Principal Group,PR Newswire,/news/stocks/burns-&-mcdonnell-promotes-11-employee-owners-into-firms-principal-group-609687,positive,0.9313802123069763
30,8/29/2017 12:25:00 PM,"Daily Technical Summary Reports on Business Software & Services Stocks -- DST Systems, Guidewire Software, Aspen Technology, and Jack Henry & Associates",PR Newswire,/news/stocks/daily-technical-summary-reports-on-business-software-services-stocks-dst-systems-guidewire-software-aspen-technology-and-jack-henry-associates-1002290868,positive,0.9354313611984253
31,8/30/2017 2:30:00 PM,Standout Fintech Companies Disrupt the Financial Services Landscape,PR Newswire,/news/stocks/standout-fintech-companies-disrupt-the-financial-services-landscape-1002294668,neutral,0.9003943800926208
32,8/30/2017 2:30:00 PM,Standout Fintech Companies Disrupt the Financial Services Landscape,PR Newswire,/news/stocks/standout-fintech-companies-disrupt-the-financial-services-landscape-1002294639,neutral,0.9003943800926208
33,8/31/2017 10:01:00 PM,Jack Henry & Associates Acquires Vanguard Software Group,PR Newswire,/news/stocks/jack-henry-associates-acquires-vanguard-software-group-1002299969,positive,0.9393772482872009
34,8/31/2017 10:12:05 PM,BRIEF-Jack Henry & Associates acquires Vanguard Software Group (JKHY),Reuters,http://www.businessinsider.com/r-brief-jack-henry--associates-acquires-vanguard-software-group-2017-8,positive,0.94838547706604
35,9/22/2017 12:15:00 AM,ALDI Makes Grocery Shopping Faster and Easier with Contactless Payment,PR Newswire,/news/stocks/aldi-makes-grocery-shopping-faster-and-easier-with-contactless-payment-685816,positive,0.7904474139213562
36,9/27/2017 2:00:00 PM,Member Driven Technologies Successfully Migrates Credit Unions' Content Management Systems using ProfitStars' Enterprise Conversion Solutions,PR Newswire,/news/stocks/member-driven-technologies-successfully-migrates-credit-unions-content-management-systems-using-profitstars-enterprise-conversion-solutions-1002641047,positive,0.6888209581375122
37,10/3/2017 2:00:00 PM,ICBA Adds CECL Solution from ProfitStars to Preferred Service Provider Program,PR Newswire,/news/stocks/icba-adds-cecl-solution-from-profitstars-to-preferred-service-provider-program-1002940377,positive,0.7561264038085938
38,10/16/2017 2:00:00 PM,"Jack Henry & Associates, SAS Announce Partnership to Provide Regional and Community Financial Institutions with Access to Leading Financial Crimes Solution",PR Newswire,/news/stocks/jack-henry-associates-sas-announce-partnership-to-provide-regional-and-community-financial-institutions-with-access-to-leading-financial-crimes-solution-1004482598,negative,0.8622351288795471
39,10/17/2017 2:00:00 PM,Jack Henry Banking Introduces Sophisticated Treasury Management Solution for Mid-Sized to Large Commercial Customers,PR Newswire,/news/stocks/jack-henry-banking-introduces-sophisticated-treasury-management-solution-for-mid-sized-to-large-commercial-customers-1004616380,positive,0.6094462275505066
40,10/25/2017 2:00:00 PM,Jack Henry & Associates To Provide Webcast Of First Quarter Fiscal Year 2018 Earnings Call,PR Newswire,/news/stocks/jack-henry-associates-to-provide-webcast-of-first-quarter-fiscal-year-2018-earnings-call-1005570020,positive,0.9347602128982544
41,11/2/2017 1:00:00 PM,Bar Harbor Bank & Trust Converts to Jack Henry Banking's SilverLake System,PR Newswire,/news/stocks/bar-harbor-bank-trust-converts-to-jack-henry-banking-s-silverlake-system-1001820855,positive,0.9168146848678589
42,11/7/2017 10:27:00 PM,Jack Henry & Associates Ends First Quarter Fiscal 2018 With 4% Increase In Revenue,PR Newswire,/news/stocks/jack-henry-associates-ends-first-quarter-fiscal-2018-with-4-increase-in-revenue-1007204663,negative,0.9421132206916809
43,11/10/2017 2:00:00 PM,Jack Henry & Associates Announces Regular Quarterly Dividend,PR Newswire,/news/stocks/jack-henry-associates-announces-regular-quarterly-dividend-1007551396,positive,0.9164429306983948
44,11/28/2017 11:15:00 PM,Jack Henry & Associates to Acquire Ensenta Corporation,PR Newswire,/news/stocks/jack-henry-associates-to-acquire-ensenta-corporation-1009841465,positive,0.9427407383918762
45,11/28/2017 11:22:04 PM,BRIEF-Jack Henry & Associates To Acquire Ensenta Corp (JKHY),Reuters,http://www.businessinsider.com/r-brief-jack-henry--associates-to-acquire-ensenta-corp-2017-11,positive,0.9403076767921448
46,12/6/2017 2:00:00 PM,"Symitar, Synergent Broaden Scope of Core Processing Partnership",PR Newswire,/news/stocks/symitar-synergent-broaden-scope-of-core-processing-partnership-1001595828,negative,0.8320035934448242
47,12/20/2017 2:00:00 PM,Symitar Says Hello to Alexa,PR Newswire,/news/stocks/symitar-says-hello-to-alexa-1011682221,positive,0.8590600490570068
48,12/21/2017 7:42:00 PM,Jack Henry & Associates and Ensenta Corporation Complete Acquisition Transaction,PR Newswire,/news/stocks/jack-henry-associates-and-ensenta-corporation-complete-acquisition-transaction-1011758191,positive,0.8902871608734131
49,1/3/2018 2:00:00 PM,"Symitar, Member Driven Technologies Expand Core Processing Partnership",PR Newswire,/news/stocks/symitar-member-driven-technologies-expand-core-processing-partnership-1012433096,negative,0.7318471074104309
50,1/18/2018 2:00:00 PM,Interra Credit Union Makes Strategic Transition to Symitar EASE,PR Newswire,/news/stocks/interra-credit-union-makes-strategic-transition-to-symitar-ease-1013220073,positive,0.7019841074943542
51,1/25/2018 2:00:00 PM,Jack Henry & Associates To Provide Webcast Of Second Quarter Fiscal Year 2018 Earnings Call,PR Newswire,/news/stocks/jack-henry-associates-to-provide-webcast-of-second-quarter-fiscal-year-2018-earnings-call-1013990837,positive,0.9351623058319092
52,2/6/2018 10:43:00 PM,Jack Henry & Associates Ends Second Quarter Fiscal 2018 With 8% Increase In Revenue,PR Newswire,/news/stocks/jack-henry-associates-ends-second-quarter-fiscal-2018-with-8-increase-in-revenue-1015012597,negative,0.9424848556518555
53,2/12/2018 2:00:00 PM,Jack Henry & Associates Increases Quarterly Dividend On Its Common Stock By Nineteen Percent To $0.37 Per Share,PR Newswire,/news/stocks/jack-henry-associates-increases-quarterly-dividend-on-its-common-stock-by-nineteen-percent-to-0-37-per-share-1015510817,negative,0.9108062982559204
54,2/13/2018 2:00:00 PM,More than 100 Jack Henry Banking Clients Opt In For Geezeo,PR Newswire,/news/stocks/more-than-100-jack-henry-banking-clients-opt-in-for-geezeo-1015631492,positive,0.8076601624488831
55,2/15/2018 2:00:00 PM,Symitar Episys Credit Unions Elevate Member Support with Integrated Call Center Services,PR Newswire,/news/stocks/symitar-episys-credit-unions-elevate-member-support-with-integrated-call-center-services-1015891329,positive,0.576185941696167
56,3/21/2018 1:00:00 PM,New Banks Launch with Jack Henry Banking for Core Processing,PR Newswire,/news/stocks/new-banks-launch-with-jack-henry-banking-for-core-processing-1018989923,positive,0.7867770791053772
57,3/27/2018 2:00:00 PM,Seven Banks in Seven Months Select Jack Henry & Associates' Core Director Platform,PR Newswire,/news/stocks/seven-banks-in-seven-months-select-jack-henry-associates-core-director-platform-1019571873,positive,0.9293109178543091
58,4/11/2018 2:00:00 PM,Town Square Bank Selects Jack Henry Banking SilverLake System,PR Newswire,/news/stocks/town-square-bank-selects-jack-henry-banking-silverlake-system-1021166711,positive,0.9389750957489014
59,4/17/2018 2:00:00 PM,The Victory Bank Selects ProfitStars' Commercial Lending Center Suite,PR Newswire,/news/stocks/the-victory-bank-selects-profitstars-commercial-lending-center-suite-1021433888,positive,0.9183813333511353
60,4/18/2018 2:00:00 PM,Jack Henry & Associates To Provide Webcast Of Third Quarter Fiscal Year 2018 Earnings Call,PR Newswire,/news/stocks/jack-henry-associates-to-provide-webcast-of-third-quarter-fiscal-year-2018-earnings-call-1021495109,positive,0.9343924522399902
61,5/1/2018 10:05:00 PM,Jack Henry & Associates Ends Third Quarter Fiscal 2018 With 9% Increase In Operating Income,PR Newswire,/news/stocks/jack-henry-associates-ends-third-quarter-fiscal-2018-with-9-increase-in-operating-income-1023050848,negative,0.941956639289856
62,5/3/2018 2:00:00 PM,Jack Henry & Associates Ranked Number 12 on America's Best Employers List by Forbes,PR Newswire,/news/stocks/jack-henry-associates-ranked-number-12-on-america-s-best-employers-list-by-forbes-1023259932,negative,0.5123835206031799
63,5/7/2018 2:00:00 PM,Jack Henry & Associates Announces Regular Quarterly Dividend,PR Newswire,/news/stocks/jack-henry-associates-announces-regular-quarterly-dividend-1023648235,positive,0.9164429306983948
64,5/8/2018 2:00:00 PM,Jack Henry & Associates Partners with Autobooks to Deliver Enhanced Small Business Banking Functionality,PR Newswire,/news/stocks/jack-henry-associates-partners-with-autobooks-to-deliver-enhanced-small-business-banking-functionality-1023748475,negative,0.592943012714386
65,5/16/2018 2:00:00 PM,Centric Bank Moves to Jack Henry Banking's SilverLake System,PR Newswire,/news/stocks/centric-bank-moves-to-jack-henry-banking-s-silverlake-system-1024695823,positive,0.5709304213523865
66,5/17/2018 2:00:00 PM,ProfitStars Moves Imaging Suite to the Cloud,PR Newswire,/news/stocks/profitstars-moves-imaging-suite-to-the-cloud-1024840082,positive,0.8012918829917908
67,6/12/2018 2:00:00 PM,Langley Federal Credit Union Converts to Symitar Episys,PR Newswire,/news/stocks/langley-federal-credit-union-converts-to-symitar-episys-1026867648,positive,0.8789645433425903
68,8/19/2018 3:01:22 PM,Jack Henry Associates earnings preview: what Wall Street is expecting,Markets Insider Automation,/news/stocks/jack_henryassociates-q4-quarterly-earnings-preview-stock-1027468614,positive,0.9056641459465027
69,11/4/2018 3:01:59 PM,Jack Henry Associates earnings: here's what Wall Street expects,Markets Insider Automation,/news/stocks/jack_henryassociates-stock-quarter-earnings-preview-q1-1027688022,positive,0.9309922456741333
70,2/3/2019 3:01:40 PM,Jack Henry Associates earnings: here's what Wall Street expects,Markets Insider Automation,/news/stocks/jack_henryassociates-stock-quarter-earnings-preview-q2-1027918706,positive,0.9309922456741333
71,4/28/2019 3:02:09 PM,Here's what Wall Street expects from Jack Henry Associates's earnings,Markets Insider Automation,/news/stocks/jack_henryassociates-q3-quarterly-earnings-preview-stock-1028145708,positive,0.9358657002449036
72,8/18/2019 3:01:24 PM,What Wall Street expects from Jack Henry Associates's earnings,Markets Insider Automation,/news/stocks/jack_henryassociates-q4-quarterly-earnings-preview-stock-1028454151,positive,0.9317746758460999
73,8/19/2019 12:34:26 PM,"3 Big Stock Charts for Monday: Amazon, Activision Blizzard and Jack Henry & Associates",InvestorPlace,/news/stocks/3-big-stock-charts-for-monday-amzn-atvi-jkhy-1028457748,positive,0.9088848233222961
74,2/3/2020 3:01:44 PM,Jack Henry Associates earnings preview: what Wall Street is expecting,Markets Insider Automation,/news/stocks/jack_henryassociates-q2-earnings-preview-1028867796,positive,0.9056641459465027
75,2/4/2020 10:25:32 PM,"Jack Henry & Associates, Inc. Q2 Profit Rises",RTTNews,/news/stocks/jack-henry-associates-inc-q2-profit-rises-1028873847,negative,0.8715343475341797
76,3/10/2020 11:54:49 PM,BofA lists M&A candidates after valuation reset,Seeking Alpha,https://seekingalpha.com/news/3550394-bofa-lists-m-candidates-after-valuation-reset?utm_source=markets.businessinsider.com&utm_medium=referral,positive,0.9442851543426514
77,4/3/2020 1:33:37 PM,Jack Henry & Associates enhances lending capabilities to support the CARES Act,Seeking Alpha,https://seekingalpha.com/news/3558191-jack-henry-associates-enhances-lending-capabilities-to-support-cares-act?utm_source=markets.businessinsider.com&utm_medium=referral,negative,0.846285343170166
78,4/21/2020 4:33:49 PM,10 S&P 500 Stocks That Are Still Overvalued By Discounted Cash Flow,InvestorPlace,/news/stocks/10-sp-500-stocks-that-are-still-overvalued-by-discounted-cash-flow-1029113970,neutral,0.7640334963798523
79,5/3/2020 3:01:21 PM,Jack Henry Associates earnings preview: what Wall Street is expecting,Markets Insider Automation,/news/stocks/jack_henryassociates-stock-q3-earnings-preview-1029157568,positive,0.9056641459465027
80,5/3/2020 9:35:20 PM,Notable earnings after Monday's close,Seeking Alpha,https://seekingalpha.com/news/3567999-notable-earnings-after-mondays-close?utm_source=markets.businessinsider.com&utm_medium=referral,negative,0.8940557837486267
81,5/4/2020 9:40:11 PM,"Jack Henry & Associates EPS beats by $0.16, misses on revenue",Seeking Alpha,https://seekingalpha.com/news/3568781-jack-henry-and-amp-associates-eps-beats-0_16-misses-on-revenue?utm_source=markets.businessinsider.com&utm_medium=referral,positive,0.48587676882743835
82,5/4/2020 11:45:37 PM,"Jack Henry & Associates, Inc. Earnings Rise In Q3",RTTNews,/news/stocks/jack-henry-associates-inc-earnings-rise-in-q3-1029162414,negative,0.9059303402900696
83,5/5/2020 1:22:07 PM,"Jack Henry +4% on mixed results, guides Q4 slightly below estimates",Seeking Alpha,https://seekingalpha.com/news/3569109-jack-henryplus-4-on-mixed-results-guides-q4-slightly-below-estimates?utm_source=markets.businessinsider.com&utm_medium=referral,neutral,0.9664971828460693
84,5/18/2020 12:05:27 PM,Jack Henry & Associates declares $0.43 dividend,Seeking Alpha,https://seekingalpha.com/news/3575460-jack-henry-associates-declares-0_43-dividend?utm_source=markets.businessinsider.com&utm_medium=referral,positive,0.936133623123169
85,8/17/2020 3:01:28 PM,Here's what Wall Street expects from Jack Henry Associates's earnings report,Markets Insider Automation,/news/stocks/jack_henryassociates-q4-earnings-preview-1029508977,positive,0.9175819158554077
86,8/18/2020 10:08:24 PM,"Jack Henry & Associates, Inc. Earnings Advance In Q4",RTTNews,/news/stocks/jack-henry-associates-inc-earnings-advance-in-q4-1029514489,negative,0.8936761021614075
87,8/20/2020 6:10:53 PM,6 Next Gen Stocks That Fit Perfectly In Every Portfolio,InvestorPlace,/news/stocks/6-next-gen-stocks-that-fit-perfectly-in-every-portfolio-1029522066,positive,0.9015179872512817
88,11/3/2020 10:35:08 PM,Jack Henry & Associates Q1 Earnings Preview,Seeking Alpha,https://seekingalpha.com/news/3630655-jack-henry-and-amp-associates-q1-earnings-preview?utm_source=markets.businessinsider.com&utm_medium=referral,positive,0.8076213598251343
89,11/3/2020 10:35:22 PM,Notable earnings after Wednesday's close,Seeking Alpha,https://seekingalpha.com/news/3630529-notable-earnings-after-wednesdays-close?utm_source=markets.businessinsider.com&utm_medium=referral,negative,0.8919203281402588
90,11/4/2020 9:13:27 PM,"Jack Henry & Associates EPS beats by $0.14, beats on revenue",Seeking Alpha,https://seekingalpha.com/news/3631490-jack-henry-and-amp-associates-eps-beats-0_14-beats-on-revenue?utm_source=markets.businessinsider.com&utm_medium=referral,positive,0.7452560663223267
91,11/4/2020 10:09:23 PM,"Jack Henry & Associates, Inc. Q1 Income Advances",RTTNews,/news/stocks/jack-henry-associates-inc-q1-income-advances-1029767030,positive,0.8248857259750366
92,11/5/2020 6:28:56 AM,"Jack Henry up 2% on earnings beat, guides full-year EPS above estimates",Seeking Alpha,https://seekingalpha.com/news/3631793-jack-henry-up-2-on-earnings-beat-guides-full-year-eps-above-estimates?utm_source=markets.businessinsider.com&utm_medium=referral,negative,0.9407547116279602
93,11/18/2020 1:03:04 PM,Jack Henry & Associates declares $0.43 dividend,Seeking Alpha,https://seekingalpha.com/news/3637441-jack-henry-associates-declares-0_43-dividend?utm_source=markets.businessinsider.com&utm_medium=referral,positive,0.936133623123169
94,12/26/2020 7:53:46 PM,"Notable Insider Buys In The Week Of Christmas: Foot Locker, GameStop, NetApp And More",Benzinga,/news/stocks/notable-insider-buys-in-the-week-of-christmas-foot-locker-gamestop-netapp-and-more-1029919958,positive,0.8978578448295593
95,1/11/2021 4:06:08 PM,"Benzinga's Top Upgrades, Downgrades For January 11, 2021",Benzinga,/news/stocks/benzinga-s-top-upgrades-downgrades-for-january-11-2021-1029955975,neutral,0.6427490711212158
96,2/5/2021 10:35:27 PM,Jack Henry & Associates FQ2 Earnings Preview,Seeking Alpha,https://seekingalpha.com/news/3659178-jack-henry-amp-associates-fq2-earnings-preview?utm_source=markets.businessinsider.com&utm_medium=referral,positive,0.5638060569763184
97,2/6/2021 3:01:22 PM,Jack Henry Associates earnings preview: what to expect,Markets Insider Automation,/news/stocks/jack_henryassociates-stock-q2-earnings-preview-1030050473,positive,0.904371976852417
98,2/7/2021 10:35:00 PM,Notable earnings after Monday's close,Seeking Alpha,https://seekingalpha.com/news/3659134-notable-earnings-after-mondays-close?utm_source=markets.businessinsider.com&utm_medium=referral,negative,0.8940557837486267
99,2/8/2021 9:02:55 PM,"Jack Henry & Associates EPS beats by $0.07, misses on revenue",Seeking Alpha,https://seekingalpha.com/news/3659661-jack-henry-and-amp-associates-eps-beats-0_07-misses-on-revenue?utm_source=markets.businessinsider.com&utm_medium=referral,negative,0.5494064688682556
100,2/8/2021 10:07:41 PM,"EARNINGS SUMMARY: Details of Jack Henry & Associates, Inc. Q2 Earnings Report",RTTNews,/news/stocks/earnings-summary-details-of-jack-henry-associates-inc-q2-earnings-report-1030056918,positive,0.9118118286132812
101,2/8/2021 11:27:17 PM,Jack Henry & Associates Q2 Profit Flat ,RTTNews,/news/stocks/jack-henry-associates-q2-profit-flat-1030057165,neutral,0.8604563474655151
102,2/9/2021 3:08:22 PM,Jack Henry shares fall after downside revenue report and outlook,Seeking Alpha,https://seekingalpha.com/news/3660005-jack-henry-shares-fall-after-downside-revenue-report-and-outlook?utm_source=markets.businessinsider.com&utm_medium=referral,neutral,0.9680531024932861
103,2/9/2021 8:03:27 PM,MOgo and SemiLEDs among top tech gainers; SPI Energy and CDK Global among losers,Seeking Alpha,https://seekingalpha.com/news/3660148-mogo-and-semileds-among-top-tech-gainers-spi-energy-and-cdk-global-among-losers?utm_source=markets.businessinsider.com&utm_medium=referral,negative,0.8192424178123474
104,2/16/2021 1:11:41 PM,Jack Henry & Associates hikes dividend by 7%,Seeking Alpha,https://seekingalpha.com/news/3662133-jack-henry-associates-inc-declares-0_46-dividend?utm_source=markets.businessinsider.com&utm_medium=referral,negative,0.5645354986190796
105,4/5/2021 11:30:08 PM,If corporate tax hike comes to business process outsourcing: Baird weighs impacts,Seeking Alpha,https://seekingalpha.com/news/3679342-if-corporate-tax-hike-comes-to-business-process-outsourcing-baird-weighs-impacts?utm_source=markets.businessinsider.com&utm_medium=referral,positive,0.7330973744392395
106,4/8/2021 1:38:44 PM,7 F-Rated Tech Stocks to Avoid Today,InvestorPlace,/news/stocks/7-f-rated-tech-stocks-to-avoid-today-1030286133,positive,0.7541187405586243
107,5/1/2021 3:01:19 PM,Jack Henry Associates earnings preview: what Wall Street is expecting,Markets Insider Automation,/news/stocks/jack_henryassociates-q3-earnings-preview-stock-1030373486,positive,0.9056641459465027
108,5/2/2021 9:35:00 PM,Jack Henry & Associates FQ3 Earnings Preview,Seeking Alpha,https://seekingalpha.com/news/3688808-jack-henry-amp-associates-fq3-earnings-preview?utm_source=markets.businessinsider.com&utm_medium=referral,positive,0.5994606018066406
109,5/2/2021 9:35:00 PM,Notable earnings after Monday's close,Seeking Alpha,https://seekingalpha.com/news/3688791-notable-earnings-after-mondays-close?utm_source=markets.businessinsider.com&utm_medium=referral,negative,0.8940557837486267
110,5/3/2021 9:36:39 PM,"Jack Henry & Associates EPS beats by $0.09, misses on revenue",Seeking Alpha,https://seekingalpha.com/news/3689827-jack-henry-and-amp-associates-eps-beats-0_09-misses-on-revenue?utm_source=markets.businessinsider.com&utm_medium=referral,negative,0.5460427403450012
111,5/4/2021 12:12:46 AM,"Jack Henry & Associates, Inc. Profit Declines In Q3",RTTNews,/news/stocks/jack-henry-associates-inc-profit-declines-in-q3-1030380986,neutral,0.9692830443382263
112,6/7/2021 11:47:16 PM,Baird previews business process outsourcing picks heading into conference,Seeking Alpha,https://seekingalpha.com/news/3703940-baird-previews-business-process-outsourcing-picks-heading-into-conference?utm_source=markets.businessinsider.com&utm_medium=referral,positive,0.9162821769714355
113,6/15/2021 2:00:00 PM,Peapack-Gladstone Bank Helps Business Clients Thrive with Jack Henry,PR Newswire,/news/stocks/peapack-gladstone-bank-helps-business-clients-thrive-with-jack-henry-1030523480,positive,0.6444100737571716
114,6/16/2021 2:00:00 PM,Tennessee Valley Federal Credit Union Partners with Jack Henry to Support Growth,PR Newswire,/news/stocks/tennessee-valley-federal-credit-union-partners-with-jack-henry-to-support-growth-1030527772,negative,0.6758049130439758
115,6/23/2021 2:00:00 PM,Jack Henry Appoints Chris King as Chief Sales and Marketing Officer,PR Newswire,/news/stocks/jack-henry-appoints-chris-king-as-chief-sales-and-marketing-officer-1030546751,positive,0.8969289660453796
116,6/24/2021 2:00:00 PM,The National Bank of Indianapolis Moves to Jack Henry's SilverLake System Core,PR Newswire,/news/stocks/the-national-bank-of-indianapolis-moves-to-jack-henry-s-silverlake-system-core-1030550883,positive,0.8261638879776001
117,6/24/2021 11:31:44 PM,EWallet winners set to fatten up in a $10 trillion market - Wells Fargo,Seeking Alpha,https://seekingalpha.com/news/3710003-ewallet-winners-set-to-fatten-up-in-a-10-trillion-market-wells-fargo?utm_source=markets.businessinsider.com&utm_medium=referral,positive,0.7786479592323303
118,6/25/2021 12:42:00 AM,Land Gorilla Joins the Jack Henry Banking Vendor Integration Program,PR Newswire,/news/stocks/land-gorilla-joins-the-jack-henry-banking-vendor-integration-program-1030553286,positive,0.8693299293518066
119,6/29/2021 2:00:00 PM,Jack Henry's Rusiru Gunasena Tapped for Faster Payments Council Board Advisory Group,PR Newswire,/news/stocks/jack-henry-s-rusiru-gunasena-tapped-for-faster-payments-council-board-advisory-group-1030562542,positive,0.9181801676750183
120,7/1/2021 8:11:00 PM,Jack Henry Announces Changes to its Board of Directors,PR Newswire,/news/stocks/jack-henry-announces-changes-to-its-board-of-directors-1030573016,positive,0.8692583441734314
121,7/8/2021 2:00:00 PM,Jack Henry's Chief Risk Officer Named Board Chair of The Institute of Internal Auditors,PR Newswire,/news/stocks/jack-henry-s-chief-risk-officer-named-board-chair-of-the-institute-of-internal-auditors-1030589450,positive,0.9349780678749084
122,7/26/2021 2:00:00 PM,Jack Henry Establishes Partnership with Merchant's PACT,PR Newswire,/news/stocks/jack-henry-establishes-partnership-with-merchant-s-pact-1030644464,positive,0.7444667816162109
123,7/27/2021 2:00:00 PM,Florida Community Banks Partner with Jack Henry to Meet Growing Market Needs,PR Newswire,/news/stocks/florida-community-banks-partner-with-jack-henry-to-meet-growing-market-needs-1030649888,negative,0.8153403401374817
124,7/28/2021 2:00:00 PM,Jack Henry Further Embeds Autobooks into the Banno Digital Platform for Better Small Business Banking,PR Newswire,/news/stocks/jack-henry-further-embeds-autobooks-into-the-banno-digital-platform-for-better-small-business-banking-1030656229,positive,0.7663282752037048
125,8/3/2021 2:00:00 PM,CU Business Group and Jack Henry Announce Referral Partnership for Commercial Products and Services,PR Newswire,/news/stocks/cu-business-group-and-jack-henry-announce-referral-partnership-for-commercial-products-and-services-1030682814,positive,0.8199314475059509
126,8/4/2021 2:00:00 PM,Jack Henry & Associates To Provide Webcast Of Fourth Quarter And Fiscal Year End 2021 Earnings Call,PR Newswire,/news/stocks/jack-henry-associates-to-provide-webcast-of-fourth-quarter-and-fiscal-year-end-2021-earnings-call-1030689036,positive,0.937567949295044
127,8/10/2021 2:00:00 PM,Jack Henry Supports TruStone Financial Credit Union Through Merger of Scale,PR Newswire,/news/stocks/jack-henry-supports-trustone-financial-credit-union-through-merger-of-scale-1030713116,positive,0.8151821494102478
128,8/11/2021 2:00:00 PM,FirstBank Expands Partnership with Jack Henry to Digitize Lending,PR Newswire,/news/stocks/firstbank-expands-partnership-with-jack-henry-to-digitize-lending-1030718429,negative,0.8762105107307434
129,8/12/2021 10:00:49 AM,High Debt Load Will Weigh on Exela Stock for Foreseeable Future,InvestorPlace,/news/stocks/high-debt-load-will-weigh-on-exela-stock-for-foreseeable-future-1030723348,neutral,0.8123495578765869
130,8/15/2021 3:01:29 PM,What Wall Street expects from Jack Henry Associates's earnings,Markets Insider Automation,/news/stocks/jack_henryassociates-q4-quarterly-earnings-preview-1030731308,positive,0.9317746758460999
131,8/16/2021 9:35:52 PM,Notable earnings after Tuesday's close,Seeking Alpha,https://seekingalpha.com/news/3730913-notable-earnings-after-tuesdays-close?utm_source=markets.businessinsider.com&utm_medium=referral,negative,0.8953564763069153
132,8/17/2021 2:00:00 PM,Keesler Federal Credit Union Moves to Jack Henry's Private Cloud,PR Newswire,/news/stocks/keesler-federal-credit-union-moves-to-jack-henry-s-private-cloud-1030737926,positive,0.8052337765693665
133,8/17/2021 8:04:25 PM,"Jack Henry & Associates EPS beats by $0.11, beats on revenue",Seeking Alpha,https://seekingalpha.com/news/3731594-jack-henry-amp-associates-eps-beats-by-011-beats-on-revenue?utm_source=markets.businessinsider.com&utm_medium=referral,positive,0.7341146469116211
134,8/17/2021 10:01:00 PM,"Jack Henry & Associates, Inc. Reports Fiscal 2021 Results",PR Newswire,/news/stocks/jack-henry-associates-inc-reports-fiscal-2021-results-1030739777,positive,0.6941133141517639
135,8/17/2021 10:09:31 PM,"Jack Henry & Associates, Inc. Announces Gain In Q4 Bottom Line, Beats estimates",RTTNews,/news/stocks/jack-henry-associates-inc-announces-gain-in-q4-bottom-line-beats-estimates-1030739781,negative,0.8806400299072266
136,8/19/2021 1:51:35 PM,10 Biggest Price Target Changes For Thursday,Benzinga,/news/stocks/10-biggest-price-target-changes-for-thursday-1030745390,positive,0.7969076037406921
137,11/7/2021 3:01:13 PM,Jack Henry Associates earnings preview: what Wall Street is expecting,Markets Insider Automation,/news/stocks/jack_henryassociates-stock-quarter-earnings-preview-q1-1030944716,positive,0.9056641459465027
138,11/7/2021 9:35:00 PM,Jack Henry & Associates Q1 2022 Earnings Preview,Seeking Alpha,https://seekingalpha.com/news/3766374-jack-henry-and-associates-q1-2022-earnings-preview?utm_source=markets.businessinsider.com&utm_medium=referral,positive,0.8563275933265686
139,11/8/2021 9:16:28 PM,"Jack Henry & Associates EPS beats by $0.06, misses on revenue",Seeking Alpha,https://seekingalpha.com/news/3767206-jack-henry-and-associates-eps-beats-0_06-misses-on-revenue?utm_source=markets.businessinsider.com&utm_medium=referral,negative,0.5330609679222107
140,11/8/2021 10:15:49 PM,"Jack Henry & Associates, Inc. Announces Advance In Q1 Profit, Beats estimates",RTTNews,/news/stocks/jack-henry-associates-inc-announces-advance-in-q1-profit-beats-estimates-1030950865,negative,0.8761792778968811
141,11/17/2021 1:25:27 PM,Jack Henry & Associates declares $0.46 dividend,Seeking Alpha,https://seekingalpha.com/news/3771828-jack-henry--associates-declares-046-dividend?utm_source=markets.businessinsider.com&utm_medium=referral,positive,0.935062050819397
142,11/18/2021 4:19:52 PM,"Benzinga's Top Ratings Upgrades, Downgrades For November 18, 2021",Benzinga,/news/stocks/benzinga-s-top-ratings-upgrades-downgrades-for-november-18-2021-1030988603,neutral,0.6392301321029663
143,11/19/2021 4:08:55 PM,"Benzinga's Top Ratings Upgrades, Downgrades For November 19, 2021",Benzinga,/news/stocks/benzinga-s-top-ratings-upgrades-downgrades-for-november-19-2021-1030991825,neutral,0.6235842108726501
144,12/6/2021 2:05:53 PM,Goldman says a payment stocks sector reshuffle will 'redefine' Financials: At the Open,Seeking Alpha,https://seekingalpha.com/news/3777131-goldman-says-a-payment-stocks-sector-reshuffle-will-redefine-financials?utm_source=markets.businessinsider.com&utm_medium=referral,positive,0.8425365090370178
145,12/15/2021 4:05:47 PM,"Benzinga's Top Ratings Upgrades, Downgrades For December 15, 2021",Benzinga,/news/stocks/benzinga-s-top-ratings-upgrades-downgrades-for-december-15-2021-1031047709,neutral,0.582796573638916
146,12/15/2021 7:06:42 PM,Analyst Ratings For Jack Henry & Associates,Benzinga,/news/stocks/analyst-ratings-for-jack-henry-associates-1031048245,positive,0.8793002367019653
147,1/25/2022 2:41:20 PM,Jack Henry & Associates COO Greg Adelson Also Named President - Quick Facts ,RTTNews,/news/stocks/jack-henry-associates-coo-greg-adelson-also-named-president-quick-facts-1031126332,positive,0.943995475769043
148,2/7/2022 3:01:13 PM,Here's what Wall Street expects from Jack Henry Associates's earnings,Markets Insider Automation,/news/stocks/jack_henryassociates-stock-quarter-earnings-preview-q2-1031167100,positive,0.9358657002449036
149,2/7/2022 10:35:18 PM,Jack Henry & Associates Q2 2022 Earnings Preview,Seeking Alpha,https://seekingalpha.com/news/3796734-jack-henry-associates-q2-2022-earnings-preview?utm_source=markets.businessinsider.com&utm_medium=referral,positive,0.8615797758102417
150,2/7/2022 10:35:34 PM,Notable earnings after Tuesday's close,Seeking Alpha,https://seekingalpha.com/news/3796579-notable-earnings-after-tuesdays-close?utm_source=markets.businessinsider.com&utm_medium=referral,negative,0.8953564763069153
151,2/8/2022 9:03:51 PM,"Jack Henry & Associates GAAP EPS of $1.30 beats by $0.18, revenue of $493.9M beats by $26.07M",Seeking Alpha,https://seekingalpha.com/news/3797463-jack-henry-and-associates-gaap-eps-of-1_30-beats-0_18-revenue-of-493_9m-beats-26_07m?utm_source=markets.businessinsider.com&utm_medium=referral,positive,0.784245491027832
152,2/8/2022 10:06:51 PM,"Jack Henry & Associates, Inc. Q2 Profit Rises, Beats estimates",RTTNews,/news/stocks/jack-henry-associates-inc-q2-profit-rises-beats-estimates-1031173295,negative,0.9203338027000427
153,2/8/2022 11:22:44 PM,Jack Henry & Associates Lifts FY22 Outlook ,RTTNews,/news/stocks/jack-henry-associates-lifts-fy22-outlook-1031173559,negative,0.8713449835777283
154,2/14/2022 1:03:07 PM,Jack Henry & Associates raises dividend by ~7% to $0.49/share,Seeking Alpha,https://seekingalpha.com/news/3799493-jack-henry--associates-raises-dividend-by-7-to-049share?utm_source=markets.businessinsider.com&utm_medium=referral,negative,0.9345014095306396
155,2/15/2022 4:44:31 PM,Independent Financial picks Jack Henry to automate commercial lending,Seeking Alpha,https://seekingalpha.com/news/3800218-independent-financial-picks-jack-henry-to-automate-commercial-lending?utm_source=markets.businessinsider.com&utm_medium=referral,positive,0.841086208820343
156,3/1/2022 4:04:18 PM,"Benzinga's Top Ratings Upgrades, Downgrades For March 1, 2022",Benzinga,/news/stocks/benzinga-s-top-ratings-upgrades-downgrades-for-march-1-2022-1031243533,positive,0.5384483337402344
157,3/1/2022 4:49:00 PM,Unifimoney Brings Digital Wealth Management to Jack Henry's Banno Digital Platform,PR Newswire,/news/stocks/unifimoney-brings-digital-wealth-management-to-jack-henry-s-banno-digital-platform-1031243687,positive,0.8276164531707764
158,3/17/2022 11:53:57 PM,"Top News In Fintech And Beyond For March 18, 2022",Benzinga,/news/stocks/top-news-in-fintech-and-beyond-for-march-18-2022-1031290215,positive,0.9300410151481628
159,5/2/2022 9:35:28 PM,Jack Henry & Associates Q3 2022 Earnings Preview,Seeking Alpha,https://seekingalpha.com/news/3830313-jack-henry-and-associates-q3-2022-earnings-preview?utm_source=markets.businessinsider.com&utm_medium=referral,positive,0.8468001484870911
160,5/2/2022 9:35:56 PM,Notable earnings after Tuesday's close,Seeking Alpha,https://seekingalpha.com/news/3830028-notable-earnings-after-tuesdays-close?utm_source=markets.businessinsider.com&utm_medium=referral,negative,0.8953564763069153
161,5/3/2022 8:48:53 PM,"Jack Henry & Associates GAAP EPS of $1.16 beats by $0.10, revenue of $478.26M beats by $2.74M",Seeking Alpha,https://seekingalpha.com/news/3831576-jack-henry-and-associates-gaap-eps-of-1_16-beats-0_10-revenue-of-478_26m-beats-2_74m?utm_source=markets.businessinsider.com&utm_medium=referral,positive,0.7501972317695618
162,5/3/2022 10:41:19 PM,"Jack Henry & Associates, Inc. Q3 Profit Advances, Beats estimates",RTTNews,/news/stocks/jack-henry-associates-inc-q3-profit-advances-beats-estimates-1031415607,negative,0.6891395449638367
163,5/6/2022 7:00:48 PM,"Catalyst watch: Rivian lockup expires, Western Digital event and inflation prints",Seeking Alpha,https://seekingalpha.com/news/3834480-catalyst-watch-rivian-lockup-expires-western-digital-event-and-inflation-prints?utm_source=markets.businessinsider.com&utm_medium=referral,neutral,0.6863526701927185
164,5/16/2022 12:04:39 PM,Jack Henry & Associates declares $0.49 dividend,Seeking Alpha,https://seekingalpha.com/news/3839088-jack-henry-and-associates-inc-declares-0_49-dividend?utm_source=markets.businessinsider.com&utm_medium=referral,positive,0.9379611015319824
165,6/14/2022 1:57:38 PM,Wells Fargo unveils its recession stock portfolio,Seeking Alpha,https://seekingalpha.com/news/3848418-wells-fargo-unveils-its-recession-stock-portfolio?utm_source=businessinsider&utm_medium=referral,positive,0.9255277514457703
166,6/15/2022 4:11:15 PM,"Benzinga's Top Ratings Upgrades, Downgrades For June 15, 2022",Benzinga,/news/stocks/benzinga-s-top-ratings-upgrades-downgrades-for-june-15-2022-1031531035,positive,0.512496292591095
167,8/8/2022 2:26:40 PM,Jack Henry & Associates Appoints Mimi Carsley To Succeed Kevin Williams As CFO And Treasurer ,RTTNews,/news/stocks/jack-henry-associates-appoints-mimi-carsley-to-succeed-kevin-williams-as-cfo-and-treasurer-1031661040,positive,0.925688624382019
168,8/9/2022 3:30:04 PM,"Jack Henry & Associates to acquire Payrailz, terms undisclosed",Seeking Alpha,https://seekingalpha.com/news/3869878-jack-henry-associates-to-acquire-payrailz-terms-undisclosed?utm_source=businessinsider&utm_medium=referral,positive,0.9502930045127869
169,8/15/2022 9:35:51 PM,Notable earnings after Tuesday's close,Seeking Alpha,https://seekingalpha.com/news/3873011-notable-earnings-after-tuesdays-close?utm_source=businessinsider&utm_medium=referral,negative,0.8953564763069153
170,8/15/2022 9:35:54 PM,Jack Henry & Associates Q4 2022 Earnings Preview,Seeking Alpha,https://seekingalpha.com/news/3873071-jack-henry-and-associates-q4-2022-earnings-preview?utm_source=businessinsider&utm_medium=referral,positive,0.8685141205787659
171,8/16/2022 8:49:57 PM,"Jack Henry & Associates GAAP EPS of $1.10, revenue of $482.67M",Seeking Alpha,https://seekingalpha.com/news/3873870-jack-henry-and-associates-gaap-eps-of-1_10-revenue-of-482_67m?utm_source=businessinsider&utm_medium=referral,positive,0.9329798817634583
172,8/16/2022 9:49:26 PM,Jack Henry & Associates stock dips on worse-than-expected 2023 bottom line guidance,Seeking Alpha,https://seekingalpha.com/news/3873894-jack-henry-associates-stock-dips-on-worse-than-expected-2023-bottom-line-guidance?utm_source=businessinsider&utm_medium=referral,neutral,0.96770179271698
173,8/16/2022 10:50:21 PM,"Jack Henry & Associates, Inc. Bottom Line Advances In Q4, Beats estimates",RTTNews,/news/stocks/jack-henry-associates-inc-bottom-line-advances-in-q4-beats-estimates-1031688404,negative,0.9230068325996399
174,8/18/2022 1:35:21 PM,Target To $200? Here Are 5 Other Price Target Changes For Thursday,Benzinga,/news/stocks/target-to-200-here-are-5-other-price-target-changes-for-thursday-1031692613,positive,0.9008703231811523
175,8/18/2022 2:12:24 PM,Where Jack Henry & Associates Stands With Analysts,Benzinga,/news/stocks/where-jack-henry-associates-stands-with-analysts-1031692738,positive,0.9354845881462097
176,8/18/2022 4:10:39 PM,"Benzinga's Top Ratings Upgrades, Downgrades For August 18, 2022",Benzinga,/news/stocks/benzinga-s-top-ratings-upgrades-downgrades-for-august-18-2022-1031693270,neutral,0.4896910786628723
177,8/22/2022 12:07:54 PM,Jack Henry & Associates declares $0.49 dividend,Seeking Alpha,https://seekingalpha.com/news/3875323-jack-henry-and-associates-inc-declares-0_49-dividend?utm_source=businessinsider&utm_medium=referral,positive,0.9379611015319824
178,9/1/2022 2:26:12 PM,Jack Henry & Associates To Begin Integrating Payrailz; Reconfirms FY23 EPS Guidance ,RTTNews,/news/stocks/jack-henry-associates-to-begin-integrating-payrailz-reconfirms-fy23-eps-guidance-1031719129,positive,0.8119153380393982
179,9/7/2022 4:13:16 PM,7 Tech Stocks to Buy With Superior Fundamentals,InvestorPlace,/news/stocks/7-tech-stocks-to-buy-with-superior-fundamentals-1031729971,negative,0.7191674709320068
180,10/5/2022 12:15:30 PM,"Use short-term rallies to boost high-momentum stock exposure, Wells Fargo says",Seeking Alpha,https://seekingalpha.com/news/3888434-use-short-term-rallies-to-bost-high-momentum-stock-exposure?utm_source=businessinsider&utm_medium=referral,negative,0.7352736592292786
181,10/12/2022 11:03:35 AM,Strong dollar will be the new earnings excuse; these stocks look insulated,Seeking Alpha,https://seekingalpha.com/news/3890228-strong-dollar-will-be-the-new-supply-chain-in-earnings-excuses-these-stocks-look-insulated?utm_source=businessinsider&utm_medium=referral,negative,0.7526470422744751
182,10/18/2022 1:51:23 AM,"Analysts’ Opinions Are Mixed on These Technology Stocks: Transdigm Group (TDG), Jack Henry & Associates (JKHY) and Meta Platforms (META)",TipRanks,/news/stocks/analysts-opinions-are-mixed-on-these-technology-stocks-transdigm-group-tdg-jack-henry-associates-jkhy-and-meta-platforms-meta-1031811379,neutral,0.7135439515113831
183,10/20/2022 4:46:26 PM,Jack Henry to use Mastercard's open banking to enable consolidated financial view,Seeking Alpha,https://seekingalpha.com/news/3893295-jack-henry-to-use-mastercards-open-banking-to-enable-consolidated-financial-view?utm_source=businessinsider&utm_medium=referral,positive,0.7560248970985413
184,11/7/2022 3:01:13 PM,Jack Henry Associates is about to announce earnings — here's what Wall Street expects,Markets Insider Automation,/news/stocks/jack_henryassociates-stock-quarter-earnings-preview-q1-1031881421,positive,0.9362360835075378
185,11/7/2022 10:35:21 PM,Jack Henry & Associates FQ1 2023 Earnings Preview,Seeking Alpha,https://seekingalpha.com/news/3902911-jack-henry-associates-fq1-2023-earnings-preview?utm_source=businessinsider&utm_medium=referral,positive,0.7648656368255615
186,11/7/2022 10:35:24 PM,Notable earnings after Tuesday's close,Seeking Alpha,https://seekingalpha.com/news/3902615-notable-earnings-after-tuesdays-close?utm_source=businessinsider&utm_medium=referral,negative,0.8953564763069153
187,11/8/2022 9:30:50 PM,"Jack Henry & Associates GAAP EPS of $1.46 beats by $0.05, revenue of $529.2M misses by $0.66M",Seeking Alpha,https://seekingalpha.com/news/3903986-jack-henry-and-associates-gaap-eps-of-1_46-beats-0_05-revenue-of-529_2m-misses-0_66m?utm_source=businessinsider&utm_medium=referral,positive,0.7328011393547058
188,11/8/2022 10:26:14 PM,"Jack Henry & Associates, Inc. Announces Rise In Q1 Income, Beats estimates",RTTNews,/news/stocks/jack-henry-associates-inc-announces-rise-in-q1-income-beats-estimates-1031888526,negative,0.910552442073822
189,11/10/2022 4:25:56 AM,Robert W. Baird Remains a Hold on Jack Henry & Associates (JKHY),TipRanks,/news/stocks/robert-w-baird-remains-a-hold-on-jack-henry-associates-jkhy-1031894690,positive,0.8940406441688538
190,11/10/2022 6:18:58 PM,What 5 Analyst Ratings Have To Say About Jack Henry & Associates,Benzinga,/news/stocks/what-5-analyst-ratings-have-to-say-about-jack-henry-associates-1031899799,positive,0.9324854016304016
191,11/16/2022 1:06:20 PM,Jack Henry & Associates declares $0.49 dividend,Seeking Alpha,https://seekingalpha.com/news/3908530-jack-henry-and-associates-inc-declares-0_49-dividend?utm_source=businessinsider&utm_medium=referral,positive,0.9379611015319824
192,12/13/2022 2:07:00 PM,Glia Teams with Jack Henry to Accelerate Digital Customer Service,PR Newswire,/news/stocks/glia-teams-with-jack-henry-to-accelerate-digital-customer-service-1031969013,negative,0.7821534276008606
193,1/11/2023 4:01:02 PM,"Benzinga's Top Ratings Upgrades, Downgrades For January 11, 2023",Benzinga,/news/stocks/benzinga-s-top-ratings-upgrades-downgrades-for-january-11-2023-1032012637,neutral,0.5506041646003723
194,1/11/2023 4:49:43 PM,Jack Henry stock rises after William Blair starts with outperform rating,Seeking Alpha,https://seekingalpha.com/news/3923794-jack-henry-stock-rises-after-william-blair-starts-with-outperform-rating?utm_source=businessinsider&utm_medium=referral,negative,0.5958706140518188
195,1/16/2023 5:10:43 AM,"Analysts Conflicted on These Technology Names: Allscripts (MDRX), IsoPlexis (ISO) and Jack Henry & Associates (JKHY)",TipRanks,/news/stocks/analysts-conflicted-on-these-technology-names-allscripts-mdrx-isoplexis-iso-and-jack-henry-associates-jkhy-1032019094,neutral,0.5085395574569702
196,1/25/2023 1:24:44 PM,Block stock cut to Perform at Oppenheimer as Square could suffer in downturn,Seeking Alpha,https://seekingalpha.com/news/3927705-block-stock-cut-to-perform-at-oppenheimer-as-square-could-suffer-in-downturn?utm_source=businessinsider&utm_medium=referral,neutral,0.9566969871520996
197,2/2/2023 10:56:01 AM,RBC Capital Keeps Their Hold Rating on Jack Henry & Associates (JKHY),TipRanks,/news/stocks/rbc-capital-keeps-their-hold-rating-on-jack-henry-associates-jkhy-1032062065,positive,0.9130043387413025
198,2/6/2023 3:01:13 PM,Jack Henry Associates earnings: here's what to expect,Markets Insider Automation,/news/stocks/jack_henryassociates-quarter-earnings-preview-q2-1032070357,positive,0.9313612580299377
199,2/6/2023 10:35:07 PM,Notable earnings after Tuesday's close,Seeking Alpha,https://seekingalpha.com/news/3932340-notable-earnings-after-tuesdays-close?utm_source=businessinsider&utm_medium=referral,negative,0.8953564763069153
200,2/6/2023 10:35:38 PM,Jack Henry & Associates Q2 2023 Earnings Preview,Seeking Alpha,https://seekingalpha.com/news/3932469-jack-henry-associates-q2-2023-earnings-preview?utm_source=businessinsider&utm_medium=referral,positive,0.8510516285896301
201,2/7/2023 9:25:53 PM,"Jack Henry & Associates GAAP EPS of $1.10 misses by $0.01, revenue of $505.32M misses by $10.15M",Seeking Alpha,https://seekingalpha.com/news/3933222-jack-henry-and-associates-gaap-eps-of-1_10-misses-0_01-revenue-of-505_32m-misses-10_15m?utm_source=businessinsider&utm_medium=referral,positive,0.7603204846382141
202,2/7/2023 10:04:53 PM,"Jack Henry & Associates, Inc. Profit Drops In Q2, misses estimates",RTTNews,/news/stocks/jack-henry-associates-inc-profit-drops-in-q2-misses-estimates-1032075389,neutral,0.9692645072937012
203,2/8/2023 4:16:11 PM,"Alphabet, Capri Holdings, Paycom Software And Other Big Stocks Moving Lower On Wednesday",Benzinga,/news/stocks/alphabet-capri-holdings-paycom-software-and-other-big-stocks-moving-lower-on-wednesday-1032079157,neutral,0.964544415473938
204,2/9/2023 12:40:19 PM,"Analysts Offer Insights on Technology Companies: Gartner (IT), Jack Henry & Associates (JKHY) and New Relic (NEWR)",TipRanks,/news/stocks/analysts-offer-insights-on-technology-companies-gartner-it-jack-henry-associates-jkhy-and-new-relic-newr-1032082761,positive,0.9217177629470825
205,2/9/2023 4:25:18 PM,Jack Henry & Associates (JKHY) Gets a Hold from Morgan Stanley,TipRanks,/news/stocks/jack-henry-associates-jkhy-gets-a-hold-from-morgan-stanley-1032083676,positive,0.8943513631820679
206,2/9/2023 4:25:28 PM,UBS Reaffirms Their Hold Rating on Jack Henry & Associates (JKHY),TipRanks,/news/stocks/ubs-reaffirms-their-hold-rating-on-jack-henry-associates-jkhy-1032083669,positive,0.8629940748214722
207,2/13/2023 1:04:29 PM,Jack Henry & Associates raises dividend by 6% to $0.52/share,Seeking Alpha,https://seekingalpha.com/news/3935142-jack-henry--associates-raises-dividend-by-6-to-052share?utm_source=businessinsider&utm_medium=referral,negative,0.9211094975471497
208,3/3/2023 5:25:16 AM,Jack Henry & Associates (JKHY) Receives a Hold from Robert W. Baird,TipRanks,/news/stocks/jack-henry-associates-jkhy-receives-a-hold-from-robert-w-baird-1032142701,positive,0.8474797606468201
209,3/6/2023 2:15:37 PM,These ETFs are in focus amid upcoming GICS sector reclassification,Seeking Alpha,https://seekingalpha.com/news/3944384-these-etfs-are-in-focus-amid-upcoming-gics-sector-reclassification?utm_source=businessinsider&utm_medium=referral,positive,0.8644165992736816
210,3/7/2023 11:32:29 AM,Sector reshuffle gives Financials more growth power; here are Goldman's top names,Seeking Alpha,https://seekingalpha.com/news/3944624-sector-reshuffle-givess-financials-more-growth-power-here-are-goldmans-top-names?utm_source=businessinsider&utm_medium=referral,positive,0.9353049397468567
211,3/9/2023 12:01:00 PM,Analysts Offer Insights on Technology Companies: Jack Henry & Associates (JKHY) and Spotify Technology SA (SPOT),TipRanks,/news/stocks/analysts-offer-insights-on-technology-companies-jack-henry-associates-jkhy-and-spotify-technology-sa-spot-1032156569,positive,0.925085723400116
212,3/14/2023 2:00:00 PM,SMA Technologies and Jack Henry Collaborate to Improve Operational Efficiencies for Banks & Credit Unions,PR Newswire,/news/stocks/sma-technologies-and-jack-henry-collaborate-to-improve-operational-efficiencies-for-banks-credit-unions-1032166235,negative,0.7979736924171448
213,3/15/2023 1:01:52 PM,Analyst Expectations for Jack Henry & Associates's Future,Benzinga,/news/stocks/analyst-expectations-for-jack-henry-associates-s-future-1032169176,negative,0.7193402647972107
214,3/15/2023 4:00:42 PM,"Benzinga's Top Ratings Upgrades, Downgrades For March 15, 2023",Benzinga,/news/stocks/benzinga-s-top-ratings-upgrades-downgrades-for-march-15-2023-1032170001,neutral,0.4989768862724304
215,3/15/2023 6:08:49 PM,Jack Henry upped to Buy at UBS as recent stock rout overblown,Seeking Alpha,https://seekingalpha.com/news/3947806-jack-henry-upped-to-buy-at-ubs-as-recent-stock-rout-overblown?utm_source=businessinsider&utm_medium=referral,negative,0.8515113592147827
216,4/6/2023 11:47:11 AM,Twenty top stock pair trades from Raymond James,Seeking Alpha,https://seekingalpha.com/news/3954717-twenty-top-stock-pair-trades-from-raymond-james?utm_source=businessinsider&utm_medium=referral,positive,0.9104740619659424
217,4/11/2023 2:01:36 PM,Analyst Ratings for Jack Henry & Associates,Benzinga,/news/stocks/analyst-ratings-for-jack-henry-associates-1032224138,positive,0.8793002367019653
218,4/11/2023 4:25:16 PM,KBW Remains a Hold on Jack Henry & Associates (JKHY),TipRanks,/news/stocks/kbw-remains-a-hold-on-jack-henry-associates-jkhy-1032225084,positive,0.9252038598060608
219,4/26/2023 12:03:52 PM,"Analysts Offer Insights on Technology Companies: Alphabet Class A (GOOGL), Jack Henry & Associates (JKHY) and Juniper Networks (JNPR)",TipRanks,/news/stocks/analysts-offer-insights-on-technology-companies-alphabet-class-a-googl-jack-henry-associates-jkhy-and-juniper-networks-jnpr-1032263233,positive,0.9146680235862732
220,5/1/2023 3:01:13 PM,Jack Henry Associates earnings preview: what to expect,Markets Insider Automation,/news/stocks/jack_henryassociates-stock-q3-earnings-preview-1032278127,positive,0.904371976852417
221,5/1/2023 9:35:24 PM,Notable earnings after Tuesday's close,Seeking Alpha,https://seekingalpha.com/news/3962634-notable-earnings-after-tuesdays-close?utm_source=businessinsider&utm_medium=referral,negative,0.8953564763069153
222,5/1/2023 9:35:58 PM,Jack Henry & Associates FQ3 2023 Earnings Preview,Seeking Alpha,https://seekingalpha.com/news/3962748-jack-henry-associates-fq3-2023-earnings-preview?utm_source=businessinsider&utm_medium=referral,positive,0.8017075657844543
223,5/2/2023 8:58:10 PM,"Jack Henry & Associates  GAAP EPS of $1.12 beats by $0.02, revenue of $508.55M beats by $7.79M, guidance in-line",Seeking Alpha,https://seekingalpha.com/news/3964011-jack-henry-associates-gaap-eps-of-112-beats-by-002-revenue-of-50855m-beats-by-779m-guidance-in-line?utm_source=businessinsider&utm_medium=referral,negative,0.6589726805686951
224,5/2/2023 10:43:09 PM,"Jack Henry & Associates, Inc. Q3 Income Falls, but beats estimates",RTTNews,/news/stocks/jack-henry-associates-inc-q3-income-falls-but-beats-estimates-1032284082,neutral,0.9222872853279114
225,5/3/2023 12:25:22 PM,D.A. Davidson Keeps Their Hold Rating on Jack Henry & Associates (JKHY),TipRanks,/news/stocks/d-a-davidson-keeps-their-hold-rating-on-jack-henry-associates-jkhy-1032287277,positive,0.872087299823761
226,5/3/2023 4:01:37 PM,Analyst Expectations for Jack Henry & Associates's Future,Benzinga,/news/stocks/analyst-expectations-for-jack-henry-associates-s-future-1032288046,negative,0.7193402647972107
227,5/3/2023 4:25:47 PM,Stephens Remains a Hold on Jack Henry & Associates (JKHY),TipRanks,/news/stocks/stephens-remains-a-hold-on-jack-henry-associates-jkhy-1032288434,positive,0.8759150505065918
228,5/4/2023 4:25:33 PM,RBC Capital Sticks to Their Hold Rating for Jack Henry & Associates (JKHY),TipRanks,/news/stocks/rbc-capital-sticks-to-their-hold-rating-for-jack-henry-associates-jkhy-1032293659,positive,0.7848021984100342
229,5/15/2023 1:03:04 PM,Jack Henry & Associates declares $0.52 dividend,Seeking Alpha,https://seekingalpha.com/news/3971309-jack-henry-and-associates-inc-declares-0_52-dividend?utm_source=businessinsider&utm_medium=referral,positive,0.937195360660553
230,5/16/2023 4:25:40 PM,Stephens Sticks to Its Hold Rating for Jack Henry & Associates (JKHY),TipRanks,/news/stocks/stephens-sticks-to-its-hold-rating-for-jack-henry-associates-jkhy-1032332127,positive,0.8773564100265503
231,5/16/2023 4:31:07 PM,"Analysts Are Neutral on These Technology Stocks: Jack Henry & Associates (JKHY), LiveVox Holding (LVOX)",TipRanks,/news/stocks/analysts-are-neutral-on-these-technology-stocks-jack-henry-associates-jkhy-livevox-holding-lvox-1032332183,positive,0.8503797650337219
232,5/17/2023 12:31:07 AM,"Analysts Conflicted on These Technology Names: Jack Henry & Associates (JKHY), Omnicell (OMCL) and Ceridian HCM Holding (CDAY)",TipRanks,/news/stocks/analysts-conflicted-on-these-technology-names-jack-henry-associates-jkhy-omnicell-omcl-and-ceridian-hcm-holding-cday-1032332836,neutral,0.5086789727210999
233,6/1/2023 12:36:16 PM,Bank of America Securities Initiates a Hold Rating on Jack Henry & Associates (JKHY),TipRanks,/news/stocks/bank-of-america-securities-initiates-a-hold-rating-on-jack-henry-associates-jkhy-1032364296,positive,0.8827927112579346
234,6/1/2023 1:10:18 PM,BofA initiates Jack Henry & Associates at Neutral as stock is fully valued,Seeking Alpha,https://seekingalpha.com/news/3976585-bofa-initiates-jack-henry-associates-at-neutral-as-stock-is-fully-valued?utm_source=businessinsider&utm_medium=referral,positive,0.8774908185005188
235,6/1/2023 9:02:11 PM,The Latest Analyst Ratings for Jack Henry & Associates,Benzinga,/news/stocks/the-latest-analyst-ratings-for-jack-henry-associates-1032365689,positive,0.935692548751831
236,6/9/2023 1:55:24 PM,Jack Henry & Associates (JKHY) Receives a Hold from Robert W. Baird,TipRanks,/news/stocks/jack-henry-associates-jkhy-receives-a-hold-from-robert-w-baird-1032380934,positive,0.8474797606468201
237,6/14/2023 1:21:16 PM,"SoFi, Upstart, PayPal snag Buy ratings as BTIG starts new fintech coverage",Seeking Alpha,https://seekingalpha.com/news/3979817-sofi-upstart-paypal-snag-buy-ratings-as-btig-starts-new-fintech-coverage?utm_source=businessinsider&utm_medium=referral,positive,0.7766447067260742
238,6/14/2023 5:01:58 PM,"Benzinga's Top Ratings Upgrades, Downgrades For June 14, 2023",Benzinga,/news/stocks/benzinga-s-top-ratings-upgrades-downgrades-for-june-14-2023-1032389437,neutral,0.48836082220077515
239,6/14/2023 5:42:35 PM,"Fintech Stocks like Affirm, SoFi Tech, Marqeta and Others Are Moving Today - Here's Why",Benzinga,/news/stocks/fintech-stocks-like-affirm-sofi-tech-marqeta-and-others-are-moving-today---here-s-why-1032389532,positive,0.8714274168014526
240,6/29/2023 7:11:22 PM,"FedNow to launch late July with early adopters JPMorgan, Wells Fargo, others",Seeking Alpha,https://seekingalpha.com/news/3984256-fednow-to-launch-late-july-with-early-adopters-jpmorgan-wells-fargo-others?utm_source=businessinsider&utm_medium=referral,positive,0.9150750041007996
241,7/7/2023 10:24:04 AM,"BTIG unveils top picks for rest of '23: D.R. Horton, CrowdStrike, DraftKings among names",Seeking Alpha,https://seekingalpha.com/news/3986007-btig-unveils-2h23-top-picks-dr-horton-crowdstrike-draftkings-and-abbott-among-the-list?utm_source=businessinsider&utm_medium=referral,positive,0.9171134829521179
242,7/7/2023 7:00:36 PM,"Catalyst Watch: CPI, major bank earnings, Amazon Prime Day and CAVA ratings",Seeking Alpha,https://seekingalpha.com/news/3986257-catalyst-watch-cpi-major-bank-earnings-amazon-prime-day-and-cava-ratings?utm_source=businessinsider&utm_medium=referral,positive,0.9417101144790649
243,7/12/2023 7:25:08 AM,Jack Henry & Associates (JKHY) Gets a Hold from Goldman Sachs,TipRanks,/news/stocks/jack-henry-associates-jkhy-gets-a-hold-from-goldman-sachs-1032440061,positive,0.9148362874984741
244,7/12/2023 5:02:49 PM,"Benzinga's Top Ratings Upgrades, Downgrades For July 12, 2023",Benzinga,/news/stocks/benzinga-s-top-ratings-upgrades-downgrades-for-july-12-2023-1032441825,positive,0.504296600818634
245,7/20/2023 11:42:05 AM,Banks closely watch FedNow with payments system set for launch,Seeking Alpha,https://seekingalpha.com/news/3989110-banks-closely-watch-fednow-with-payments-system-set-for-launch?utm_source=businessinsider&utm_medium=referral,positive,0.8968455195426941
246,7/25/2023 9:00:33 PM,11 Analysts Have This to Say About Jack Henry & Associates,Benzinga,/news/stocks/11-analysts-have-this-to-say-about-jack-henry-associates-1032475887,positive,0.9380881190299988
247,8/1/2023 1:00:33 PM,Looking for a Bargain? 3 Fintech Stocks to Buy That Are Down 3% in 2023,InvestorPlace,/news/stocks/looking-for-a-bargain-3-fintech-stocks-to-buy-that-are-down-3-in-2023-1032501066,neutral,0.9703224301338196
248,8/14/2023 9:35:21 PM,Jack Henry & Associates Q4 2023 Earnings Preview,Seeking Alpha,https://seekingalpha.com/news/4002462-jack-henry-and-associates-q4-2023-earnings-preview?utm_source=businessinsider&utm_medium=referral,positive,0.8650500774383545
249,8/14/2023 9:35:34 PM,Notable earnings after Tuesday's close,Seeking Alpha,https://seekingalpha.com/news/4002223-notable-earnings-after-tuesdays-close?utm_source=businessinsider&utm_medium=referral,negative,0.8953564763069153
250,8/15/2023 8:51:10 PM,"Jack Henry & Associates GAAP EPS of $1.34 beats by $0.16, revenue of $534.63M beats by $21.89M",Seeking Alpha,https://seekingalpha.com/news/4003237-jack-henry-associates-gaap-eps-of-134-beats-by-016-revenue-of-53463m-beats-by-2189m?utm_source=businessinsider&utm_medium=referral,positive,0.7055159211158752
251,8/15/2023 9:11:05 PM,"Jack Henry fiscal Q4 earnings, revenue beat; issues soft margin guidance",Seeking Alpha,https://seekingalpha.com/news/4003250-jack-henry-fiscal-q4-earnings-revenue-beat-issues-soft-margin-guidance?utm_source=businessinsider&utm_medium=referral,negative,0.9123044013977051
252,8/15/2023 10:52:27 PM,"Jack Henry & Associates, Inc. Bottom Line Climbs In Q4, Beats estimates",RTTNews,/news/stocks/jack-henry-associates-inc-bottom-line-climbs-in-q4-beats-estimates-1032556825,negative,0.9304417371749878
253,8/16/2023 1:20:37 PM,Analysts Have Conflicting Sentiments on These Financial Companies: Jack Henry & Associates (JKHY) and PaySign (PAYS),TipRanks,/news/stocks/analysts-have-conflicting-sentiments-on-these-financial-companies-jack-henry-associates-jkhy-and-paysign-pays-1032559875,neutral,0.933273434638977
254,8/17/2023 6:45:58 AM,Jack Henry & Associates (JKHY) Receives a Hold from Robert W. Baird,TipRanks,/news/stocks/jack-henry-associates-jkhy-receives-a-hold-from-robert-w-baird-1032562069,positive,0.8474797606468201
255,8/17/2023 9:02:14 AM,Analysts Offer Insights on Financial Companies: Jack Henry & Associates (JKHY) and UBS Group AG (UBS),TipRanks,/news/stocks/analysts-offer-insights-on-financial-companies-jack-henry-associates-jkhy-and-ubs-group-ag-ubs-1032562486,positive,0.9373242855072021
256,8/17/2023 10:40:06 AM,"Analysts Offer Insights on Financial Companies: International General Insurance Holdings (IGIC), Jack Henry & Associates (JKHY) and Federated Hermes (FHI)",TipRanks,/news/stocks/analysts-offer-insights-on-financial-companies-international-general-insurance-holdings-igic-jack-henry-associates-jkhy-and-federated-hermes-fhi-1032562689,positive,0.9359806776046753
257,8/17/2023 10:00:48 PM,12 Analysts Have This to Say About Jack Henry & Associates,Benzinga,/news/stocks/12-analysts-have-this-to-say-about-jack-henry-associates-1032564581,positive,0.9373071789741516
258,8/21/2023 12:05:44 PM,Jack Henry & Associates declares $0.52 dividend,Seeking Alpha,https://seekingalpha.com/news/4004634-jack-henry-and-associates-inc-declares-0_52-dividend?utm_source=businessinsider&utm_medium=referral,positive,0.937195360660553
259,8/25/2023 11:46:24 AM,Fidelity National Information cut to In Line at Evercore on rising competition,Seeking Alpha,https://seekingalpha.com/news/4006299-fidelity-national-information-cut-to-in-line-at-evercore-on-rising-competition?utm_source=businessinsider&utm_medium=referral,neutral,0.8697310090065002
260,8/26/2023 1:50:12 AM,"Analysts Are Neutral on Top Financial Stocks: Jack Henry & Associates (JKHY), UBS Group AG (UBS)",TipRanks,/news/stocks/analysts-are-neutral-on-top-financial-stocks-jack-henry-associates-jkhy-ubs-group-ag-ubs-1032583849,neutral,0.5072234869003296
261,9/18/2023 5:00:38 PM,"Benzinga's Top Ratings Upgrades, Downgrades For September 18, 2023",Benzinga,/news/stocks/benzinga-s-top-ratings-upgrades-downgrades-for-september-18-2023-1032637671,positive,0.49805980920791626
262,9/18/2023 11:00:48 PM,What 11 Analyst Ratings Have To Say About Jack Henry & Associates,Benzinga,/news/stocks/what-11-analyst-ratings-have-to-say-about-jack-henry-associates-1032638252,positive,0.933910071849823
263,9/20/2023 2:39:45 PM,"Cramer Warns Investors About This AI Company Up 146% YTD: 'Too Much Hype, Too Much Fluff'",Benzinga,/news/stocks/cramer-warns-investors-about-this-ai-company-up-146-ytd-too-much-hype-too-much-fluff-1032643353,neutral,0.8958967924118042
264,9/27/2023 5:00:46 PM,"Benzinga's Top Ratings Upgrades, Downgrades For September 27, 2023",Benzinga,/news/stocks/benzinga-s-top-ratings-upgrades-downgrades-for-september-27-2023-1032660181,positive,0.5048044919967651
265,10/12/2023 2:00:52 PM,Where Jack Henry & Associates Stands With Analysts,Benzinga,/news/stocks/where-jack-henry-associates-stands-with-analysts-1032700210,positive,0.9354845881462097
266,10/12/2023 5:00:36 PM,"Benzinga's Top Ratings Upgrades, Downgrades For October 12, 2023",Benzinga,/news/stocks/benzinga-s-top-ratings-upgrades-downgrades-for-october-12-2023-1032701272,positive,0.5116103887557983
267,10/31/2023 12:40:16 PM,"Analysts Conflicted on These Financial Names: Jack Henry & Associates (JKHY), TMX Group (OtherTMXXF) and California BanCorp (CALB)",TipRanks,/news/stocks/analysts-conflicted-on-these-financial-names-jack-henry-associates-jkhy-tmx-group-othertmxxf-and-california-bancorp-calb-1032761639,neutral,0.6879924535751343
268,11/2/2023 5:39:19 AM,"Hold Rating on Jack Henry & Associates: Revenue and EPS Projections, Deconversion Fees, and Risk/Reward Analysis",TipRanks,/news/stocks/hold-rating-on-jack-henry-associates-revenue-and-eps-projections-deconversion-fees-and-risk-reward-analysis-1032771752,positive,0.9416487216949463
269,11/2/2023 7:30:54 AM,Analysts Have Conflicting Sentiments on These Financial Companies: Jack Henry & Associates (JKHY) and Remitly Global (RELY),TipRanks,/news/stocks/analysts-have-conflicting-sentiments-on-these-financial-companies-jack-henry-associates-jkhy-and-remitly-global-rely-1032772061,neutral,0.9354494214057922
270,11/7/2023 10:19:34 PM,"Jack Henry & Associates, Inc. Bottom Line Declines In Q1, but beats estimates",RTTNews,/news/stocks/jack-henry-associates-inc-bottom-line-declines-in-q1-but-beats-estimates-1032789745,neutral,0.9211543202400208
271,11/8/2023 6:24:16 AM,Analysts Offer Insights on Financial Companies: Fidelity National Financial (FNF) and Jack Henry & Associates (JKHY),TipRanks,/news/stocks/analysts-offer-insights-on-financial-companies-fidelity-national-financial-fnf-and-jack-henry-associates-jkhy-1032796061,positive,0.9358733296394348
272,11/8/2023 1:46:49 PM,Jack Henry & Associates (JKHY) Gets a Buy from D.A. Davidson,TipRanks,/news/stocks/jack-henry-associates-jkhy-gets-a-buy-from-d-a-davidson-1032797208,positive,0.6989132165908813
273,11/9/2023 2:41:02 AM,"Analysts Offer Insights on Financial Companies: AvidXchange Holdings (AVDX), Jack Henry & Associates (JKHY) and UWM Holding (UWMC)",TipRanks,/news/stocks/analysts-offer-insights-on-financial-companies-avidxchange-holdings-avdx-jack-henry-associates-jkhy-and-uwm-holding-uwmc-1032801118,positive,0.9338682889938354
274,11/9/2023 9:00:26 PM,Analyst Ratings for Jack Henry & Associates,Benzinga,/news/stocks/analyst-ratings-for-jack-henry-associates-1032802391,positive,0.8793002367019653
275,11/10/2023 11:11:06 AM,Analysts Offer Insights on Financial Companies: Jack Henry & Associates (JKHY) and TransUnion (TRU),TipRanks,/news/stocks/analysts-offer-insights-on-financial-companies-jack-henry-associates-jkhy-and-transunion-tru-1032808200,positive,0.9321682453155518
276,12/6/2023 5:00:33 PM,Analyst Ratings for Jack Henry & Associates,Benzinga,/news/stocks/analyst-ratings-for-jack-henry-associates-1032879035,positive,0.8793002367019653
277,1/11/2024 6:53:02 AM,Maintaining Hold on Jack Henry & Associates: Balanced Risk/Reward and Steady Market Position,TipRanks,/news/stocks/maintaining-hold-on-jack-henry-associates-balanced-risk-reward-and-steady-market-position-1032959838,negative,0.8044599890708923
278,1/19/2024 7:23:32 PM,Baird bank survey showed higher-than-average growth expectations,Seeking Alpha,https://seekingalpha.com/news/4056569-baird-bank-survey-showed-higher-than-average-growth-expectations?utm_source=businessinsider&utm_medium=referral&feed_item_type=news,negative,0.9572238326072693
279,1/23/2024 7:30:46 AM,Analysts Offer Insights on Technology Companies: Jack Henry & Associates (JKHY) and Logitech (LOGI),TipRanks,/news/stocks/analysts-offer-insights-on-technology-companies-jack-henry-associates-jkhy-and-logitech-logi-1032987173,positive,0.9202965497970581
280,1/23/2024 9:50:23 AM,"Analysts Offer Insights on Technology Companies: KLA (KLAC), Texas Instruments (TXN) and Jack Henry & Associates (JKHY)",TipRanks,/news/stocks/analysts-offer-insights-on-technology-companies-kla-klac-texas-instruments-txn-and-jack-henry-associates-jkhy-1032987564,positive,0.9218116998672485
281,1/24/2024 6:32:57 AM,Analysts Conflicted on These Technology Names: Jack Henry & Associates (JKHY) and EML Payments Ltd. (OtherEMCHF),TipRanks,/news/stocks/analysts-conflicted-on-these-technology-names-jack-henry-associates-jkhy-and-eml-payments-ltd-otheremchf-1032991412,neutral,0.5321084260940552
282,1/24/2024 6:38:22 AM,Maintaining Stability Amid Change: Hold Rating on Jack Henry & Associates Amid Leadership Transition,TipRanks,/news/stocks/maintaining-stability-amid-change-hold-rating-on-jack-henry-associates-amid-leadership-transition-1032991411,positive,0.6363537907600403
283,1/24/2024 1:26:20 PM,Jack Henry & Associates (JKHY) Receives a Buy from D.A. Davidson,TipRanks,/news/stocks/jack-henry-associates-jkhy-receives-a-buy-from-d-a-davidson-1032993376,positive,0.5398539304733276
284,1/30/2024 9:00:31 PM,Jack Henry & Associates Stock: A Deep Dive Into Analyst Perspectives (4 Ratings),Benzinga,/news/stocks/jack-henry-associates-stock-a-deep-dive-into-analyst-perspectives-4-ratings-1033011572,positive,0.840570867061615
285,2/1/2024 5:40:38 AM,"Analysts Offer Insights on Technology Companies: Aspen Technology, Inc. (AZPN) and Jack Henry & Associates (JKHY)",TipRanks,/news/stocks/analysts-offer-insights-on-technology-companies-aspen-technology-inc-azpn-and-jack-henry-associates-jkhy-1033019133,positive,0.9274886250495911
286,2/1/2024 1:20:38 PM,"Analysts Conflicted on These Technology Names: NEXTracker, Inc. Class A (NXT), Avnet (AVT) and Jack Henry & Associates (JKHY)",TipRanks,/news/stocks/analysts-conflicted-on-these-technology-names-nextracker-inc-class-a-nxt-avnet-avt-and-jack-henry-associates-jkhy-1033021736,neutral,0.5677708983421326
287,2/5/2024 10:35:09 PM,Jack Henry & Associates Q2 2024 Earnings Preview,Seeking Alpha,https://seekingalpha.com/news/4062691-jack-henry-associates-q2-2024-earnings-preview?utm_source=businessinsider&utm_medium=referral&feed_item_type=news,positive,0.8612292408943176
288,2/5/2024 10:35:34 PM,Notable earnings after Tuesday's close,Seeking Alpha,https://seekingalpha.com/news/4062589-notable-earnings-after-tuesdays-close?utm_source=businessinsider&utm_medium=referral&feed_item_type=news,negative,0.8953564763069153
289,2/6/2024 9:56:36 PM,"Jack Henry & Associates GAAP EPS of $1.26 beats by $0.12, revenue of $545.71M beats by $5.01M",Seeking Alpha,https://seekingalpha.com/news/4063529-jack-henry-and-associates-gaap-eps-of-1_26-beats-0_12-revenue-of-545_71m-beats-5_01m?utm_source=businessinsider&utm_medium=referral&feed_item_type=news,positive,0.7919651865959167
290,2/6/2024 10:50:11 PM,"Jack Henry & Associates, Inc. Reports Increase In Q2 Bottom Line, Beats estimates",RTTNews,/news/stocks/jack-henry-associates-inc-reports-increase-in-q2-bottom-line-beats-estimates-1033036948,negative,0.9278151988983154
291,2/7/2024 6:25:53 AM,KBW Reaffirms Their Hold Rating on Jack Henry & Associates (JKHY),TipRanks,/news/stocks/kbw-reaffirms-their-hold-rating-on-jack-henry-associates-jkhy-1033039528,positive,0.8405755758285522
292,2/7/2024 1:41:30 PM,Jack Henry & Associates (JKHY) Gets a Buy from D.A. Davidson,TipRanks,/news/stocks/jack-henry-associates-jkhy-gets-a-buy-from-d-a-davidson-1033042091,positive,0.6989132165908813
293,2/7/2024 2:45:01 PM,Henry Jack & Associates hosts conference call for investors,Markets Insider Automation,/news/stocks/jack_henryassociates_conference-1030020063,positive,0.9348048567771912
294,2/8/2024 12:30:17 PM,"Analysts Offer Insights on Technology Companies: CSG Systems International (CSGS), Qualys (QLYS) and Jack Henry & Associates (JKHY)",TipRanks,/news/stocks/analysts-offer-insights-on-technology-companies-csg-systems-international-csgs-qualys-qlys-and-jack-henry-associates-jkhy-1033047394,positive,0.9203281402587891
295,2/10/2024 7:10:31 AM,"Analysts’ Opinions Are Mixed on These Technology Stocks: Affirm Holdings (AFRM), ARM Holdings PLC ADR (ARM) and Jack Henry & Associates (JKHY)",TipRanks,/news/stocks/analysts-opinions-are-mixed-on-these-technology-stocks-affirm-holdings-afrm-arm-holdings-plc-adr-arm-and-jack-henry-associates-jkhy-1033052693,neutral,0.7738718390464783
296,2/12/2024 1:36:58 PM,Jack Henry & Associates raises dividend by 5.8% to $0.55,Seeking Alpha,https://seekingalpha.com/news/4065461-jack-henry--associates-raises-dividend-by-58-to-055?utm_source=businessinsider&utm_medium=referral&feed_item_type=news,negative,0.9257137775421143
297,2/15/2024 11:13:53 AM,"Analysts Are Bullish on These Technology Stocks: Fastly (FSLY), Jack Henry & Associates (JKHY)",TipRanks,/news/stocks/analysts-are-bullish-on-these-technology-stocks-fastly-fsly-jack-henry-associates-jkhy-1033071848,positive,0.8498311638832092
298,2/26/2024 1:10:14 PM,"Analysts Offer Insights on Technology Companies: Sony Group (SONY), Intuit (INTU) and Jack Henry & Associates (JKHY)",TipRanks,/news/stocks/analysts-offer-insights-on-technology-companies-sony-group-sony-intuit-intu-and-jack-henry-associates-jkhy-1033103586,positive,0.9313568472862244
299,3/11/2024 8:21:08 PM,Jack Henry & Associates promotes Shanon McLachlan to COO,Seeking Alpha,https://seekingalpha.com/news/4078163-jack-henry-associates-promotes-shanon-mclachlan-to-coo?utm_source=businessinsider&utm_medium=referral&feed_item_type=news,positive,0.9368458986282349
300,3/26/2024 5:00:41 PM,Jack Henry & Associates Stock: A Deep Dive Into Analyst Perspectives (4 Ratings),Benzinga,/news/stocks/jack-henry-associates-stock-a-deep-dive-into-analyst-perspectives-4-ratings-1033197898,positive,0.840570867061615
301,4/8/2024 10:36:58 AM,Jack Henry & Associates (JKHY) Gets a Hold from RBC Capital,TipRanks,/news/stocks/jack-henry-associates-jkhy-gets-a-hold-from-rbc-capital-1033229884,positive,0.9295833110809326
302,4/17/2024 2:01:34 PM,A Closer Look at 4 Analyst Recommendations For Jack Henry & Associates,Benzinga,/news/stocks/a-closer-look-at-4-analyst-recommendations-for-jack-henry-associates-1033257506,positive,0.911221444606781
303,4/30/2024 12:56:00 PM,D.A. Davidson Sticks to Their Buy Rating for Jack Henry & Associates (JKHY),TipRanks,/news/stocks/d-a-davidson-sticks-to-their-buy-rating-for-jack-henry-associates-jkhy-1033307858,positive,0.8609725832939148
304,5/2/2024 6:43:51 AM,Analysts Offer Insights on Technology Companies: Jack Henry & Associates (JKHY) and Autodesk (ADSK),TipRanks,/news/stocks/analysts-offer-insights-on-technology-companies-jack-henry-associates-jkhy-and-autodesk-adsk-1033318562,positive,0.9242393374443054
305,5/2/2024 9:23:42 AM,"Analysts Offer Insights on Technology Companies: Amkor (AMKR), Jack Henry & Associates (JKHY) and First Solar (FSLR)",TipRanks,/news/stocks/analysts-offer-insights-on-technology-companies-amkor-amkr-jack-henry-associates-jkhy-and-first-solar-fslr-1033319525,positive,0.9155181646347046
306,5/6/2024 3:01:13 PM,Jack Henry Associates earnings: here's what to expect,Markets Insider Automation,/news/stocks/jack_henryassociates-q3-earnings-preview-1033333099,positive,0.9313612580299377
307,5/6/2024 9:35:58 PM,Jack Henry & Associates Q3 2024 Earnings Preview,Seeking Alpha,https://seekingalpha.com/news/4100604-jack-henry-associates-q3-2024-earnings-preview?utm_source=businessinsider&utm_medium=referral&feed_item_type=news,positive,0.8517211675643921
308,5/7/2024 12:35:56 PM,D.A. Davidson Reaffirms Their Buy Rating on Jack Henry & Associates (JKHY),TipRanks,/news/stocks/d-a-davidson-reaffirms-their-buy-rating-on-jack-henry-associates-jkhy-1033340920,positive,0.8338427543640137
309,5/7/2024 8:41:09 PM,"Jack Henry & Associates GAAP EPS of $1.19 beats by $0.02, revenue of $538.56M misses by $2.5M",Seeking Alpha,https://seekingalpha.com/news/4101833-jack-henry-and-associates-gaap-eps-of-1_19-beats-0_02-revenue-of-538_56m-misses-2_5m?utm_source=businessinsider&utm_medium=referral&feed_item_type=news,positive,0.7213352918624878
310,5/7/2024 10:26:33 PM,"Jack Henry & Associates, Inc. Bottom Line Climbs In Q3, Beats estimates",RTTNews,/news/stocks/jack-henry-associates-inc-bottom-line-climbs-in-q3-beats-estimates-1033342050,negative,0.9310635328292847
311,5/8/2024 12:53:00 AM,"JKHY Stock Earnings: Jack Henry & Associates Beats EPS, Misses Revenue for Q3 2024",InvestorPlace,/news/stocks/jkhy-stock-earnings-jack-henry-associates-for-q3-of-2024-1033342662,positive,0.5070571303367615
312,5/8/2024 5:30:48 AM,Analysts Offer Insights on Technology Companies: Jack Henry & Associates (JKHY) and Marqeta (MQ),TipRanks,/news/stocks/analysts-offer-insights-on-technology-companies-jack-henry-associates-jkhy-and-marqeta-mq-1033345891,positive,0.9206442832946777
313,5/9/2024 9:21:50 AM,"Analysts Offer Insights on Technology Companies: Jack Henry & Associates (JKHY), MeridianLink (MLNK) and Shopify (SHOP)",TipRanks,/news/stocks/analysts-offer-insights-on-technology-companies-jack-henry-associates-jkhy-meridianlink-mlnk-and-shopify-shop-1033355696,positive,0.9272633194923401
314,5/9/2024 10:49:43 AM,RBC Capital Reaffirms Their Hold Rating on Jack Henry & Associates (JKHY),TipRanks,/news/stocks/rbc-capital-reaffirms-their-hold-rating-on-jack-henry-associates-jkhy-1033356495,positive,0.8456824421882629
315,5/9/2024 1:21:35 PM,Jack Henry & Associates declares $0.55 dividend,Seeking Alpha,https://seekingalpha.com/news/4103599-jack-henry-and-associates-inc-declares-0_55-dividend?utm_source=businessinsider&utm_medium=referral&feed_item_type=news,positive,0.9340770840644836
316,5/10/2024 5:37:34 AM,Jack Henry & Associates (JKHY): Hold Rating Justified by Balanced Q3 Performance and Valuation,TipRanks,/news/stocks/jack-henry-associates-jkhy-hold-rating-justified-by-balanced-q3-performance-and-valuation-1033361976,negative,0.9485164284706116
317,5/10/2024 8:31:31 AM,"Analysts’ Opinions Are Mixed on These Technology Stocks: ACM Research (ACMR), Clarivate (CLVT) and Jack Henry & Associates (JKHY)",TipRanks,/news/stocks/analysts-opinions-are-mixed-on-these-technology-stocks-acm-research-acmr-clarivate-clvt-and-jack-henry-associates-jkhy-1033362573,neutral,0.8009304404258728
318,5/16/2024 6:12:02 PM,Jack Henry Boosts Customer Base With Daily Dashboard,Benzinga,/news/stocks/jack-henry-boosts-customer-base-with-daily-dashboard-1033394402,negative,0.9356058835983276
319,6/6/2024 10:09:19 AM,Jack Henry & Associates: Hold Rating with a Focus on Cloud Transition and Strategic Outsourcing,TipRanks,/news/stocks/jack-henry-associates-hold-rating-with-a-focus-on-cloud-transition-and-strategic-outsourcing-1033457515,positive,0.8593117594718933
320,6/11/2024 12:45:48 PM,Maintaining Hold on Jack Henry & Associates Amidst Margin Expansion and Competitive Pressures,TipRanks,/news/stocks/maintaining-hold-on-jack-henry-associates-amidst-margin-expansion-and-competitive-pressures-1033469884,neutral,0.6599195003509521
321,8/13/2024 1:58:47 PM,Hold Rating on Jack Henry & Associates Amid Balanced Financial Performance and Market Valuation,TipRanks,/news/stocks/hold-rating-on-jack-henry-associates-amid-balanced-financial-performance-and-market-valuation-1033683447,negative,0.9453821182250977
322,8/14/2024 12:38:28 PM,D.A. Davidson Reaffirms Their Buy Rating on Jack Henry & Associates (JKHY),TipRanks,/news/stocks/d-a-davidson-reaffirms-their-buy-rating-on-jack-henry-associates-jkhy-1033689202,positive,0.8338427543640137
323,8/18/2024 12:03:00 PM,"Earnings week ahead: Zoom, Lowe's, Target, Baidu, XPeng, Zim Integrated and more",Seeking Alpha,https://seekingalpha.com/news/4140956-earnings-week-ahead-zoom-lowes-target-baidu-xpeng-zim-integrated-and-more?utm_source=businessinsider&utm_medium=referral&feed_item_type=news,positive,0.9302433729171753
324,8/19/2024 9:35:07 PM,Jack Henry & Associates Q4 2024 Earnings Preview,Seeking Alpha,https://seekingalpha.com/news/4141487-jack-henry-and-associates-q4-2024-earnings-preview?utm_source=businessinsider&utm_medium=referral&feed_item_type=news,positive,0.8789710402488708
325,8/20/2024 2:00:00 PM,Here's the major earnings after the close today,Seeking Alpha,https://seekingalpha.com/news/4141423-heres-the-major-earnings-after-the-close-today?utm_source=businessinsider&utm_medium=referral&feed_item_type=news,positive,0.929767906665802
326,8/20/2024 8:19:18 PM,"Jack Henry & Associates GAAP EPS of $1.38 beats by $0.06, revenue of $559.91M misses by $3.14M",Seeking Alpha,https://seekingalpha.com/news/4142085-jack-henry-associates-gaap-eps-of-138-beats-by-006-revenue-of-55991m-misses-by-314m?utm_source=businessinsider&utm_medium=referral&feed_item_type=news,positive,0.7659449577331543
327,8/20/2024 10:34:37 PM,"Jack Henry & Associates, Inc. Q4 Profit Rises, Beats Estimates ",RTTNews,/news/stocks/jack-henry-associates-inc-q4-profit-rises-beats-estimates-1033708672,negative,0.9198469519615173
328,8/20/2024 11:19:32 PM,Jack Henry & Associates Announces FY25 Outlook - Update ,RTTNews,/news/stocks/jack-henry-associates-announces-fy25-outlook-update-1033708736,positive,0.925453245639801
329,8/21/2024 2:53:02 AM,"JKHY Stock Earnings: Jack Henry & Associates Beats EPS, Misses Revenue for Q4 2024",InvestorPlace,/news/stocks/jkhy-stock-earnings-jack-henry-associates-for-q4-of-2024-1033708837,negative,0.4904569983482361
330,8/21/2024 5:30:24 AM,Wall Street Analysts Are Neutral on Top Technology Picks,TipRanks,/news/stocks/wall-street-analysts-are-neutral-on-top-technology-picks-1033710189,neutral,0.48247891664505005
331,8/21/2024 11:47:05 AM,Jack Henry & Associates (JKHY) Gets a Buy from Oppenheimer,TipRanks,/news/stocks/jack-henry-associates-jkhy-gets-a-buy-from-oppenheimer-1033711633,positive,0.853113055229187
332,8/21/2024 12:37:48 PM,D.A. Davidson Sticks to Their Buy Rating for Jack Henry & Associates (JKHY),TipRanks,/news/stocks/d-a-davidson-sticks-to-their-buy-rating-for-jack-henry-associates-jkhy-1033711772,positive,0.8609725832939148
333,8/22/2024 5:05:26 AM,Jack Henry & Associates: A Cautious Hold Amid Mixed Financial Signals and Growth Concerns,TipRanks,/news/stocks/jack-henry-associates-a-cautious-hold-amid-mixed-financial-signals-and-growth-concerns-1033713777,neutral,0.9112787842750549
334,8/22/2024 9:34:16 AM,Buy Rating for Jack Henry & Associates Amidst Record Sales and Promising Financial Outlook,TipRanks,/news/stocks/buy-rating-for-jack-henry-associates-amidst-record-sales-and-promising-financial-outlook-1033714512,negative,0.949602484703064
335,8/22/2024 9:39:26 AM,Balancing Act: Strong Demand Against High Growth Expectations for Jack Henry & Associates,TipRanks,/news/stocks/balancing-act-strong-demand-against-high-growth-expectations-for-jack-henry-associates-1033714487,negative,0.7452234625816345
336,8/22/2024 10:37:48 AM,RBC Capital Sticks to Their Hold Rating for Jack Henry & Associates (JKHY),TipRanks,/news/stocks/rbc-capital-sticks-to-their-hold-rating-for-jack-henry-associates-jkhy-1033714800,positive,0.7848021984100342
337,8/26/2024 12:09:57 PM,Jack Henry & Associates declares $0.55 dividend,Seeking Alpha,https://seekingalpha.com/news/4143638-jack-henry-and-associates-inc-declares-0_55-dividend?utm_source=businessinsider&utm_medium=referral&feed_item_type=news,positive,0.9340770840644836
338,8/27/2024 5:48:41 PM,Companies in Fin-Tech that would be impacted by a 100 basis point fall in floating rates,Seeking Alpha,https://seekingalpha.com/news/4144265-companies-in-fin-tech-that-would-be-impacted-by-a-100-basis-point-fall-in-floating-rates?utm_source=businessinsider&utm_medium=referral&feed_item_type=news,neutral,0.9630013108253479
339,8/30/2024 7:00:05 PM,"Catalyst Watch: August Jobs Report, Intel event, Broadcom earnings, and Costco sales",Seeking Alpha,https://seekingalpha.com/news/4145544-catalyst-watch-august-jobs-report-intel-event-broadcom-earnings-and-costco-sales?utm_source=businessinsider&utm_medium=referral&feed_item_type=news,positive,0.7065698504447937
340,9/4/2024 11:37:36 AM,"Nasdaq gets rare double-upgrade to Buy at BofA on data, software growth",Seeking Alpha,https://seekingalpha.com/news/4146651-nasdaq-gets-rare-double-upgraded-to-buy-at-bofa-on-data-software-growth?utm_source=businessinsider&utm_medium=referral&feed_item_type=news,negative,0.6001176834106445
341,9/4/2024 3:36:18 PM,"Visa rated Buy, Mastercard, Jack Henry rated Neutral in new Compass coverage",Seeking Alpha,https://seekingalpha.com/news/4146915-visa-rated-buy-mastercard-jack-henry-rated-neutral-in-new-compass-coverage?utm_source=businessinsider&utm_medium=referral&feed_item_type=news,positive,0.8647557497024536
342,9/6/2024 9:07:04 AM,Buy Rating Reaffirmed for JKHY Amid Strong Growth and Innovation Outlook,TipRanks,/news/stocks/buy-rating-reaffirmed-for-jkhy-amid-strong-growth-and-innovation-outlook-1033753547,negative,0.9529561400413513
343,9/6/2024 9:56:50 AM,Balanced Outlook: Hold Recommendation for Jack Henry & Associates Amid Growth and Execution Challenges,TipRanks,/news/stocks/balanced-outlook-hold-recommendation-for-jack-henry-associates-amid-growth-and-execution-challenges-1033753670,negative,0.9099332094192505
344,9/6/2024 10:41:12 AM,Jack Henry & Associates (JKHY) Gets a Hold from RBC Capital,TipRanks,/news/stocks/jack-henry-associates-jkhy-gets-a-hold-from-rbc-capital-1033753848,positive,0.9295833110809326
345,9/10/2024 5:10:40 AM,Analysts Offer Insights on Technology Companies: Jack Henry & Associates (JKHY) and Shopify (SHOP),TipRanks,/news/stocks/analysts-offer-insights-on-technology-companies-jack-henry-associates-jkhy-and-shopify-shop-1033759547,positive,0.9246202707290649
346,10/28/2024 8:35:32 PM,Jack Henry reports Q1 deconversion revenue $3.7M,TipRanks,/news/stocks/jack-henry-reports-q1-deconversion-revenue-3-7m-1033904266,positive,0.8345376253128052
347,10/29/2024 12:16:29 PM,Cautious Hold Rating for Jack Henry & Associates Amid Stable but Limited Growth Potential,TipRanks,/news/stocks/cautious-hold-rating-for-jack-henry-associates-amid-stable-but-limited-growth-potential-1033910456,negative,0.9370244145393372
348,11/4/2024 10:35:51 PM,Jack Henry & Associates Q1 2025 Earnings Preview,Seeking Alpha,https://seekingalpha.com/news/4243938-jack-henry-associates-q1-2025-earnings-preview?utm_source=businessinsider&utm_medium=referral&feed_item_type=news,positive,0.8573470711708069
349,11/5/2024 3:00:00 PM,Here are the major earnings after the close today,Seeking Alpha,https://seekingalpha.com/news/4242353-here-are-the-major-earnings-after-the-close-today?utm_source=businessinsider&utm_medium=referral&feed_item_type=news,positive,0.9299408793449402
350,11/5/2024 9:15:12 PM,"Jack Henry sees FY25 non-GAAP revenue $2.353B-$2.375B, consensus $2.37B",TipRanks,/news/stocks/jack-henry-sees-fy25-non-gaap-revenue-2-353b--2-375b-consensus-2-37b-1033955172,positive,0.8797961473464966
351,11/5/2024 9:16:21 PM,"Jack Henry reports Q1 GAAP EPS $1.63, consensus $1.61",TipRanks,/news/stocks/jack-henry-reports-q1-gaap-eps-1-63-consensus-1-61-1033955162,neutral,0.5081242918968201
352,11/5/2024 9:29:06 PM,"Jack Henry & Associates GAAP EPS of $1.63 beats by $0.02, revenue of $600.98M beats by $1.33M",Seeking Alpha,https://seekingalpha.com/news/4251967-jack-henry-associates-gaap-eps-of-163-beats-by-002-revenue-of-60098m-beats-by-133m?utm_source=businessinsider&utm_medium=referral&feed_item_type=news,positive,0.5528843998908997
353,11/5/2024 10:16:36 PM,"Jack Henry & Associates, Inc. Q1 Profit Climbs, Beats Estimates ",RTTNews,/news/stocks/jack-henry-associates-inc-q1-profit-climbs-beats-estimates-1033954526,negative,0.9237205982208252
354,11/6/2024 2:36:28 PM,Jack Henry & Associates (JKHY) Receives a Buy from D.A. Davidson,TipRanks,/news/stocks/jack-henry-associates-jkhy-receives-a-buy-from-d-a-davidson-1033963423,positive,0.5398539304733276
355,11/7/2024 4:32:39 AM,Jack Henry Reports Solid Fiscal Q1 2025 Results,TipRanks,/news/stocks/jack-henry-reports-solid-fiscal-q1-2025-results-1033967508,negative,0.9435217976570129
356,11/7/2024 7:00:14 AM,Hold Rating for Jack Henry & Associates Amidst Mixed Financial Performance and Stable Industry Position,TipRanks,/news/stocks/hold-rating-for-jack-henry-associates-amidst-mixed-financial-performance-and-stable-industry-position-1033968637,neutral,0.8473830223083496
357,11/7/2024 7:00:40 AM,"Analysts Offer Insights on Technology Companies: Rapid7 (RPD), Wolfspeed (WOLF) and Jack Henry & Associates (JKHY)",TipRanks,/news/stocks/analysts-offer-insights-on-technology-companies-rapid7-rpd-wolfspeed-wolf-and-jack-henry-associates-jkhy-1033968634,positive,0.9273425340652466
358,11/7/2024 12:54:17 PM,Jack Henry price target raised to $190 from $180 at UBS,TipRanks,/news/stocks/jack-henry-price-target-raised-to-190-from-180-at-ubs-1033971794,negative,0.9358512163162231
359,11/7/2024 1:08:52 PM,KBW Remains a Hold on Jack Henry & Associates (JKHY),TipRanks,/news/stocks/kbw-remains-a-hold-on-jack-henry-associates-jkhy-1033971956,positive,0.9252038598060608
360,11/7/2024 1:18:09 PM,Compass Point Remains a Hold on Jack Henry & Associates (JKHY),TipRanks,/news/stocks/compass-point-remains-a-hold-on-jack-henry-associates-jkhy-1033972146,positive,0.9290710687637329
361,11/7/2024 2:55:40 PM,Jack Henry price target raised to $203 from $181 at RBC Capital,TipRanks,/news/stocks/jack-henry-price-target-raised-to-203-from-181-at-rbc-capital-1033972923,negative,0.9399132132530212
362,11/13/2024 1:27:48 PM,Jack Henry & Associates declares $0.55 dividend,Seeking Alpha,https://seekingalpha.com/news/4284450-jack-henry--associates-declares-055-dividend?utm_source=businessinsider&utm_medium=referral&feed_item_type=news,positive,0.9340770840644836
363,11/18/2024 3:07:15 PM,Jack Henry To Modernize CommonWealth Central Credit Union's Technology Platform ,RTTNews,/news/stocks/jack-henry-to-modernize-commonwealth-central-credit-union-s-technology-platform-1034030546,positive,0.7035587430000305
364,11/25/2024 7:40:32 AM,"Analysts Offer Insights on Technology Companies: Paycor HCM (PYCR), Jack Henry & Associates (JKHY) and Micron (MU)",TipRanks,/news/stocks/analysts-offer-insights-on-technology-companies-paycor-hcm-pycr-jack-henry-associates-jkhy-and-micron-mu-1034059552,positive,0.9181435108184814
365,12/22/2024 9:25:16 PM,Citi's 10 things to watch for in fintech in 2025,Seeking Alpha,https://seekingalpha.com/news/4388502-citis-10-things-to-watch-for-in-fintech-in-2025?utm_source=businessinsider&utm_medium=referral&feed_item_type=news,positive,0.9101508259773254
366,1/14/2025 11:36:19 AM,Jack Henry initiated with an Underweight at Wells Fargo,TipRanks,/news/stocks/jack-henry-initiated-with-an-underweight-at-wells-fargo-1034225590,positive,0.4711538553237915
367,1/14/2025 2:41:10 PM,"Visa upgraded, MasterCard downgraded: Wall Street’s top analyst calls",TipRanks,/news/stocks/visa-upgraded-mastercard-downgraded-wall-street-s-top-analyst-calls-1034226965,positive,0.4971563220024109
368,1/27/2025 9:20:16 PM,"Jack Henry reports Q2 deconversion revenue $100,000",TipRanks,/news/stocks/jack-henry-reports-q2-deconversion-revenue-100-000-1034274163,positive,0.9111239314079285
369,1/28/2025 1:17:32 PM,Jack Henry & Associates (JKHY) Gets a Buy from D.A. Davidson,TipRanks,/news/stocks/jack-henry-associates-jkhy-gets-a-buy-from-d-a-davidson-1034278200,positive,0.6989132165908813
370,2/3/2025 2:06:39 PM,"Jack Henry, Moov to implement Visa Direct",TipRanks,/news/stocks/jack-henry-moov-to-implement-visa-direct-1034303825,positive,0.7153681516647339
371,2/3/2025 10:35:08 PM,Jack Henry & Associates Q2 2025 Earnings Preview,Seeking Alpha,https://seekingalpha.com/news/4402024-jack-henry-associates-q2-2025-earnings-preview?utm_source=businessinsider&utm_medium=referral&feed_item_type=news,positive,0.8551943302154541
372,2/4/2025 3:00:00 PM,Here are the major earnings after the close today,Seeking Alpha,https://seekingalpha.com/news/4401938-here-are-the-major-earnings-after-the-close-today?utm_source=businessinsider&utm_medium=referral&feed_item_type=news,positive,0.9299408793449402
373,2/4/2025 9:14:31 PM,"Jack Henry & Associates GAAP EPS of $1.34 beats by $0.02, revenue of $573.85M misses by $2.72M",Seeking Alpha,https://seekingalpha.com/news/4403089-jack-henry-associates-gaap-eps-of-134-beats-by-002-revenue-of-57385m-misses-by-272m?utm_source=businessinsider&utm_medium=referral&feed_item_type=news,positive,0.7322744727134705
374,2/4/2025 9:25:49 PM,"Jack Henry sees FY25 GAAP EPS $5.78-$5.87, consensus $5.74",TipRanks,/news/stocks/jack-henry-sees-fy25-gaap-eps-5-78--5-87-consensus-5-74-1034311287,positive,0.7697028517723083
375,2/4/2025 9:27:16 PM,"Jack Henry reports Q2 EPS $1.34, consensus $1.32",TipRanks,/news/stocks/jack-henry-reports-q2-eps-1-34-consensus-1-32-1034311275,positive,0.3673613965511322
376,2/4/2025 10:59:43 PM,"Jack Henry & Associates, Inc. Reveals Advance In Q2 Profit ",RTTNews,/news/stocks/jack-henry-associates-inc-reveals-advance-in-q2-profit-1034311540,negative,0.9151602983474731
377,2/5/2025 1:16:29 PM,Jack Henry & Associates (JKHY) Receives a Buy from D.A. Davidson,TipRanks,/news/stocks/jack-henry-associates-jkhy-receives-a-buy-from-d-a-davidson-1034315554,positive,0.5398539304733276
378,2/6/2025 10:41:57 AM,"Analysts Offer Insights on Technology Companies: Jack Henry & Associates (JKHY), ARM Holdings PLC ADR (ARM) and Corpay Inc (CPAY)",TipRanks,/news/stocks/analysts-offer-insights-on-technology-companies-jack-henry-associates-jkhy-arm-holdings-plc-adr-arm-and-corpay-inc-cpay-1034321445,positive,0.9273291826248169
379,2/6/2025 10:48:14 AM,KBW Sticks to Their Hold Rating for Jack Henry & Associates (JKHY),TipRanks,/news/stocks/kbw-sticks-to-their-hold-rating-for-jack-henry-associates-jkhy-1034321524,positive,0.8144626021385193
380,2/6/2025 12:05:36 PM,Jack Henry & Associates (JKHY) Gets a Hold from RBC Capital,TipRanks,/news/stocks/jack-henry-associates-jkhy-gets-a-hold-from-rbc-capital-1034322025,positive,0.9295833110809326
381,2/6/2025 1:17:02 PM,Morgan Stanley Remains a Hold on Jack Henry & Associates (JKHY),TipRanks,/news/stocks/morgan-stanley-remains-a-hold-on-jack-henry-associates-jkhy-1034322660,positive,0.8646554350852966
382,2/6/2025 1:35:30 PM,Compass Point Sticks to Its Hold Rating for Jack Henry & Associates (JKHY),TipRanks,/news/stocks/compass-point-sticks-to-its-hold-rating-for-jack-henry-associates-jkhy-1034322834,positive,0.5847316384315491
383,2/8/2025 7:55:30 PM,11 of 17 financial stocks post earnings wins-Earnings Scorecard,Seeking Alpha,https://seekingalpha.com/news/4405143-11-of-17-financial-stocks-post-earnings-wins-earnings-scorecard?utm_source=businessinsider&utm_medium=referral&feed_item_type=news,positive,0.8713629841804504
