datetime,title,source,link,sentiment_class,sentiment_score
12/6/2016 1:36:07 PM,"BRIEF-Teledyne Technologies entered agreements that amend and restate amended and restated loan agreements, dated as of November 21, 2013 (TDY)",Reuters,http://www.businessinsider.com/r-brief-teledyne-technologies-entered-agreements-that-amend-and-restate-amended-and-restated-loan-agreements-dated-as-of-november-21-2013-2016-12,neutral,0.49782121181488037
12/6/2016 4:58:03 PM,BRIEF-Teledyne acquires Hanson Research Corporation (TDY),Reuters,http://www.businessinsider.com/r-brief-teledyne-acquires-hanson-research-corporation-2016-12,neutral,0.9461941123008728
12/12/2016 12:20:37 PM,"British imaging sensor maker E2V is being bought for £620 million (TDY, E2V)",Reuters,http://www.businessinsider.com/r-update-1-imaging-sensor-maker-e2v-tech-agrees-to-620-mln-stg-offer-from-teledyne-2016-12,neutral,0.849077045917511
12/12/2016 1:12:03 PM,"BRIEF-E2V Technologies agrees on takeover terms from Teledyne Tech (E2V, TDY)",Reuters,http://www.businessinsider.com/r-brief-e2v-technologies-agrees-on-takeover-terms-from-teledyne-tech-2016-12,positive,0.8163245916366577
12/12/2016 1:20:05 PM,"UPDATE 1-UK Stocks-Factors to watch on Dec. 12 (AZN, IPF, ESR, ASC, E2V, TDY, JKX)",Reuters,http://www.businessinsider.com/r-update-1-uk-stocks-factors-to-watch-on-dec-12-2016-12,neutral,0.9318546652793884
12/12/2016 1:20:05 PM,E2V Technologies says agrees on terms of Teledyne Tech offer,Reuters,http://www.businessinsider.com/r-e2v-technologies-says-agrees-on-terms-of-teledyne-tech-offer-2016-12,positive,0.8432358503341675
12/13/2016 1:40:05 AM,"BRIEF-Teledyne Technologies - entered into a credit agreement dated December 11, 2016 (TDY)",Reuters,http://www.businessinsider.com/r-brief-teledyne-technologies---entered-into-a-credit-agreement-dated-december-11-2016-2016-12,neutral,0.7037201523780823
1/19/2017 12:36:06 PM,BRIEF-Teledyne Technologies says entered into a second amendment to its amended and restated credit agreement (TDY),Reuters,http://www.businessinsider.com/r-brief-teledyne-technologies-says-entered-into-a-second-amendment-to-its-amended-and-restated-credit-agreement-2017-1,positive,0.7683815360069275
2/2/2017 12:57:15 PM,Teledyne Technologies Inc Bottom Line Retreats 5% In Q4,RTTNews,/news/stocks/teledyne-technologies-inc-bottom-line-retreats-5-in-q4-1001717271,negative,0.9741447567939758
2/2/2017 1:22:07 PM,BRIEF-Teledyne Technologies reports Q4 earnings per share $1.49 from continuing operations (TDY),Reuters,http://www.businessinsider.com/r-brief-teledyne-technologies-reports-q4-earnings-per-share-149-from-continuing-operations-2017-2,positive,0.5050168633460999
2/10/2017 12:04:11 AM,"BAE, Northrop, SAIC, others in $3.04 bln U.S. defense contract (KTOS, TDY, BA., NOC, RTN, KBR)",Reuters,http://www.businessinsider.com/r-bae-northrop-saic-others-in-304-bln-us-defense-contract-2017-2,neutral,0.886925220489502
2/10/2017 8:20:12 PM,"UPDATE 1-BAE, Northrop, SAIC, others in $3.04 bln U.S. defense contract (KTOS, TDY, BA., NOC, RTN, KBR)",Reuters,http://www.businessinsider.com/r-update-1-bae-northrop-saic-others-in-304-bln-us-defense-contract-2017-2,neutral,0.8664315342903137
4/19/2017 12:33:03 PM,"BRIEF-Teledyne Technologies, unit enter into note purchase, guaranty agreement (TDY)",Reuters,http://www.businessinsider.com/r-brief-teledyne-technologies-unit-enter-into-note-purchase-guaranty-agreement-2017-4,neutral,0.8927627801895142
5/4/2017 1:03:00 PM,Teledyne Technologies Inc Q1 Profit Drops 22%,RTTNews,/news/stocks/teledyne-technologies-inc-q1-profit-drops-22-1001979044,negative,0.9715473651885986
5/4/2017 1:08:03 PM,BRIEF-Teledyne Technologies Q1 adjusted EPS $1.26 (TDY),Reuters,http://www.businessinsider.com/r-brief-teledyne-technologies-q1-adjusted-eps-126-2017-5,neutral,0.8986551761627197
5/4/2017 1:35:10 PM,Teledyne Sees Q2 Adj. EPS In Line With View; Lifts 2017 Adj. EPS Outlook ,RTTNews,/news/stocks/teledyne-sees-q2-adj-eps-in-line-with-view-lifts-2017-adj-eps-outlook-1001979197,positive,0.9336532354354858
7/13/2017 3:11:44 PM,Teledyne To Buy Scientific Systems; Terms Undisclosed ,RTTNews,/news/stocks/teledyne-to-buy-scientific-systems-terms-undisclosed-1002171331,neutral,0.9511167407035828
7/13/2017 3:22:03 PM,BRIEF-Teledyne to acquire Scientific Systems (TDY),Reuters,http://www.businessinsider.com/r-brief-teledyne-to-acquire-scientific-systems-2017-7,neutral,0.9413653016090393
8/3/2017 1:07:19 PM,EARNINGS SUMMARY: Details of Teledyne Technologies Inc Q2 Earnings Report,RTTNews,/news/stocks/earnings-summary-details-of-teledyne-technologies-inc-q2-earnings-report-1002230015,neutral,0.9258940815925598
8/3/2017 3:02:03 PM,BRIEF-Teledyne Technologies Q2 earnings per share $1.66 (TDY),Reuters,http://www.businessinsider.com/r-brief-teledyne-technologies-q2-earnings-per-share-166-2017-8,neutral,0.8016490340232849
11/2/2017 12:00:00 PM,EARNINGS SUMMARY: Details of Teledyne Technologies Inc Q3 Earnings Report,RTTNews,/news/stocks/earnings-summary-details-of-teledyne-technologies-inc-q3-earnings-report-1006581210,neutral,0.9291296601295471
11/2/2017 12:45:09 PM,Teledyne Technologies Lifts 2017 Profit View ,RTTNews,/news/stocks/teledyne-technologies-lifts-2017-profit-view-1006586223,positive,0.924835741519928
2/1/2018 1:03:35 PM,Teledyne Technologies Inc Bottom Line Climbs In Q4,RTTNews,/news/stocks/teledyne-technologies-inc-bottom-line-climbs-in-q4-1014790981,positive,0.9340208768844604
2/6/2018 11:47:51 PM,Teledyne Optech Titan lidar enables discovery of extended Mayan ruins in Guatemala,GlobeNewswire,/news/stocks/teledyne-optech-titan-lidar-enables-discovery-of-extended-mayan-ruins-in-guatemala-1015014927,positive,0.7185600399971008
3/29/2018 2:00:00 PM,Teledyne DALSA will preview its newest multi-line   CMOS camera at The Vision Show,GlobeNewswire,/news/stocks/teledyne-dalsa-will-preview-its-newest-multi-line-cmos-camera-at-the-vision-show-1019839948,neutral,0.883440375328064
4/10/2018 2:00:00 PM,Teledyne DALSA’s New Area Cameras Feature Sony IMX250-MZR Polarized Image SensorNewest Genie Nano models round out company offering of polarization for line scan and area cameras signaling an...,GlobeNewswire,/news/stocks/teledyne-dalsa-s-new-area-cameras-feature-sony-imx250-mzr-polarized-image-sensornewest-genie-nano-models-round-out-company-offering-of-polarization-for-line-scan-and-area-cameras-signaling-an-1021048576,positive,0.7458757758140564
5/3/2018 1:04:09 PM,Teledyne Technologies Inc Bottom Line Climbs In Q1,RTTNews,/news/stocks/teledyne-technologies-inc-bottom-line-climbs-in-q1-1023254824,positive,0.9322022199630737
5/24/2018 9:00:00 AM,Teledyne e2v awarded second phase of €42M contract to provide custom image sensors for ESA PLATO mission,GlobeNewswire,/news/stocks/teledyne-e2v-awarded-second-phase-of-42m-contract-to-provide-custom-image-sensors-for-esa-plato-mission-1025185925,positive,0.932870626449585
8/2/2018 12:57:38 PM,Teledyne Technologies Inc Profit Rises In Q2,RTTNews,/news/stocks/teledyne-technologies-inc-profit-rises-in-q2-1027425458,positive,0.9067185521125793
8/2/2018 1:01:36 PM,Teledyne Raises 2018 GAAP Earnings Outlook - Quick Facts ,RTTNews,/news/stocks/teledyne-raises-2018-gaap-earnings-outlook-quick-facts-1027425516,neutral,0.8588275909423828
8/30/2018 7:30:00 AM,Teledyne e2v launches Snappy 2M CMOS image sensor for high-speed scanning and barcode reading,GlobeNewswire,/news/stocks/teledyne-e2v-launches-snappy-2m-cmos-image-sensor-for-high-speed-scanning-and-barcode-reading-1027495535,neutral,0.5867542028427124
9/18/2018 2:30:00 PM,"Teledyne DALSA expands its area camera series with the industry’s first 5 Gigabit, GigE Vision models",GlobeNewswire,/news/stocks/teledyne-dalsa-expands-its-area-camera-series-with-the-industry-s-first-5-gigabit-gige-vision-models-1027543507,positive,0.7546007037162781
10/2/2018 2:30:00 PM,Teledyne Optech to Showcase New Advancements in Geospatial Solutions at INTERGEO 2018,GlobeNewswire,/news/stocks/teledyne-optech-to-showcase-new-advancements-in-geospatial-solutions-at-intergeo-2018-1027583155,positive,0.7443532347679138
10/24/2018 6:28:16 AM,"Teledyne Names Al Pichelli CEO, Robert Mehrabian Executive Chairman ",RTTNews,/news/stocks/teledyne-names-al-pichelli-ceo-robert-mehrabian-executive-chairman-1027646885,neutral,0.9419060945510864
10/24/2018 1:04:38 PM,Teledyne Technologies Inc Q3 Earnings Climb,RTTNews,/news/stocks/teledyne-technologies-inc-q3-earnings-climb-1027648869,neutral,0.7780508399009705
10/24/2018 1:13:30 PM,Teledyne Technologies Boosts FY18 Earnings Outlook - Quick Facts ,RTTNews,/news/stocks/teledyne-technologies-boosts-fy18-earnings-outlook-quick-facts-1027648904,positive,0.937178909778595
10/25/2018 2:30:00 PM,Teledyne DALSA introduces its next generation family of frame grabbers for high-performance image acquisition,GlobeNewswire,/news/stocks/teledyne-dalsa-introduces-its-next-generation-family-of-frame-grabbers-for-high-performance-image-acquisition-1027654866,neutral,0.6221961379051208
10/30/2018 1:30:00 PM,Teledyne DALSA introduces its Linea ML CMOS multiline cameras for high-speed vision applications,GlobeNewswire,/news/stocks/teledyne-dalsa-introduces-its-linea-ml-cmos-multiline-cameras-for-high-speed-vision-applications-1027670867,neutral,0.6766504049301147
11/29/2018 2:28:08 PM,Teledyne image sensors power cameras onboard NASA’s InSight Mission to Mars,GlobeNewswire,/news/stocks/teledyne-image-sensors-power-cameras-onboard-nasa-s-insight-mission-to-mars-1027767098,neutral,0.9139009118080139
12/19/2018 11:39:42 PM,Teledyne Technologies To Buy Scientific Imaging Biz Of Roper For $225 Mln ,RTTNews,/news/stocks/teledyne-technologies-to-buy-scientific-imaging-biz-of-roper-for-225-mln-1027823353,neutral,0.9071471095085144
1/23/2019 12:59:21 PM,Teledyne Technologies Inc Profit Advances In Q4,RTTNews,/news/stocks/teledyne-technologies-inc-profit-advances-in-q4-1027889000,positive,0.8972426056861877
3/14/2019 1:00:00 PM,New 3D laser profiler series excels at in-line measurement and inspection tasks,GlobeNewswire,/news/stocks/new-3d-laser-profiler-series-excels-at-in-line-measurement-and-inspection-tasks-1028030448,positive,0.5945248007774353
3/21/2019 12:00:00 PM,Teledyne CARIS software selected to enable major government project in Africa,GlobeNewswire,/news/stocks/teledyne-caris-software-selected-to-enable-major-government-project-in-africa-1028048270,positive,0.8805489540100098
3/28/2019 1:00:00 PM,Teledyne Imaging’s latest industrial vision solutions featured at Automate 2019,GlobeNewswire,/news/stocks/teledyne-imaging-s-latest-industrial-vision-solutions-featured-at-automate-2019-1028066356,neutral,0.7893264889717102
4/4/2019 2:00:00 PM,"New vision sensor targets error proofing, identification and robotic guidance applications",GlobeNewswire,/news/stocks/new-vision-sensor-targets-error-proofing-identification-and-robotic-guidance-applications-1028085930,neutral,0.8834004998207092
4/22/2019 3:01:36 PM,Teledyne Technologies is about to announce earnings — here's what Wall Street expects,Markets Insider Automation,/news/stocks/teledyne_technologies-stock-price-quarter-earnings-preview-q1-1028126304,neutral,0.9366803765296936
4/24/2019 12:59:26 PM,Teledyne Technologies Inc Q1 Profit Climbs,RTTNews,/news/stocks/teledyne-technologies-inc-q1-profit-climbs-1028133849,negative,0.5355215072631836
4/30/2019 2:00:00 PM,New versatile multiline cameras enable 5 Gpix/sec high-speed imaging for demanding vision applications,GlobeNewswire,/news/stocks/new-versatile-multiline-cameras-enable-5-gpix-sec-high-speed-imaging-for-demanding-vision-applications-1028153133,neutral,0.7235445976257324
5/14/2019 2:00:00 PM,New high-speed and high-sensitivity Linea HS TDI camera for vision applications,GlobeNewswire,/news/stocks/new-high-speed-and-high-sensitivity-linea-hs-tdi-camera-for-vision-applications-1028198673,neutral,0.7798846960067749
5/30/2019 2:00:00 PM,New Genie Nano-CXP Cameras offer Unprecedented Speed and High Resolution,GlobeNewswire,/news/stocks/new-genie-nano-cxp-cameras-offer-unprecedented-speed-and-high-resolution-1028241763,positive,0.70337975025177
6/12/2019 9:00:00 AM,"Teledyne e2v’s Emerald 67M, Ultra-high Resolution Image Sensor Now Available",GlobeNewswire,/news/stocks/teledyne-e2v-s-emerald-67m-ultra-high-resolution-image-sensor-now-available-1028272294,neutral,0.8565231561660767
6/27/2019 12:16:56 PM,Henry Singleton Would Love Twilio Stock,InvestorPlace,/news/stocks/henry-singleton-would-love-twilio-stock-1028315918,neutral,0.9042800068855286
7/22/2019 3:01:34 PM,Teledyne Technologies is about to announce earnings — here's what Wall Street expects,Markets Insider Automation,/news/stocks/teledyne_technologies-stock-price-quarter-earnings-preview-q2-1028371827,neutral,0.9366803765296936
7/24/2019 1:24:34 PM,Teledyne Technologies Boosts FY19 Earnings Outlook - Quick Facts ,RTTNews,/news/stocks/teledyne-technologies-boosts-fy19-earnings-outlook-quick-facts-1028379967,positive,0.9430751204490662
8/20/2019 2:00:00 PM,Teledyne Optech and LiDAR USA partner in dynamic new mobile UAV sensor integration,GlobeNewswire,/news/stocks/teledyne-optech-and-lidar-usa-partner-in-dynamic-new-mobile-uav-sensor-integration-1028459046,positive,0.7591914534568787
9/3/2019 2:30:00 PM,Teledyne brings its advanced defense capabilities to DSEI 2019,GlobeNewswire,/news/stocks/teledyne-brings-its-advanced-defense-capabilities-to-dsei-2019-1028493596,positive,0.7974041700363159
9/3/2019 2:30:00 PM,"Teledyne e2v announces new CMOS Sensor Family, targeted at 3D Laser Triangulation Applications",GlobeNewswire,/news/stocks/teledyne-e2v-announces-new-cmos-sensor-family-targeted-at-3d-laser-triangulation-applications-1028493587,positive,0.5032438039779663
9/10/2019 2:30:00 PM,"Teledyne Imaging’s newest cameras deliver true 16M resolution, global shutter and a compact C-mount lens",GlobeNewswire,/news/stocks/teledyne-imaging-s-newest-cameras-deliver-true-16m-resolution-global-shutter-and-a-compact-c-mount-lens-1028512533,neutral,0.7383020520210266
9/12/2019 2:00:00 PM,"Teledyne Optech announces the CL-360, a compact, long-range, survey-grade lidar sensor for UAV and mobile applications",GlobeNewswire,/news/stocks/teledyne-optech-announces-the-cl-360-a-compact-long-range-survey-grade-lidar-sensor-for-uav-and-mobile-applications-1028519525,neutral,0.6324312090873718
9/24/2019 2:00:00 PM,Teledyne Lumenera Releases INFINITY ANALYZE 7 Microscopy Software,GlobeNewswire,/news/stocks/teledyne-lumenera-releases-infinity-analyze-7-microscopy-software-1028548043,neutral,0.9233241081237793
10/22/2019 6:00:05 PM,Teledyne Photometrics announces new sCMOS camera for scientific imaging – 400 fps and 10 MP resolution,GlobeNewswire,/news/stocks/teledyne-photometrics-announces-new-scmos-camera-for-scientific-imaging-400-fps-and-10-mp-resolution-1028620108,positive,0.6205507516860962
10/23/2019 1:03:12 PM,Teledyne Technologies Inc Earnings Advance In Q3,RTTNews,/news/stocks/teledyne-technologies-inc-earnings-advance-in-q3-1028622527,positive,0.9278236031532288
10/23/2019 1:08:20 PM,Teledyne Technologies Raises FY19 Earnings Outlook - Quick Facts ,RTTNews,/news/stocks/teledyne-technologies-raises-fy19-earnings-outlook-quick-facts-1028622532,positive,0.5527929067611694
11/12/2019 8:00:00 AM,Teledyne e2v introduces industry’s first 1.3MP Time-of-Flight sensor,GlobeNewswire,/news/stocks/teledyne-e2v-introduces-industry-s-first-1-3mp-time-of-flight-sensor-1028679154,neutral,0.8390080332756042
11/26/2019 2:00:10 PM,"New multifield TDI camera captures brightfield, darkfield and backlit images in a single scan",GlobeNewswire,/news/stocks/new-multifield-tdi-camera-captures-brightfield-darkfield-and-backlit-images-in-a-single-scan-1028718037,neutral,0.9208290576934814
11/28/2019 2:00:10 PM,Teledyne DALSA expands its Xtium2 frame grabber series with three new CoaXPress models,GlobeNewswire,/news/stocks/teledyne-dalsa-expands-its-xtium2-frame-grabber-series-with-three-new-coaxpress-models-1028724249,positive,0.7892266511917114
12/10/2019 2:00:00 PM,"Teledyne introduces two-camera smart system for automation supporting Visible, LWIR and 3D sensors",GlobeNewswire,/news/stocks/teledyne-introduces-two-camera-smart-system-for-automation-supporting-visible-lwir-and-3d-sensors-1028750732,neutral,0.8193373084068298
12/13/2019 4:58:02 PM,7 ‘A’-Rated Stocks to Buy Before 2020,InvestorPlace,/news/stocks/7-a-rated-stocks-to-buy-before-2020-1028762897,neutral,0.884666919708252
1/6/2020 2:10:58 PM,"Teledyne Unit Buys OakGate Technology, Inc. - Quick Facts ",RTTNews,/news/stocks/teledyne-unit-buys-oakgate-technology-inc-quick-facts-1028795930,neutral,0.8832346796989441
1/14/2020 9:00:00 AM,Teledyne e2v expands its Emerald image sensor family with new 36 Mpixel high-speed chip,GlobeNewswire,/news/stocks/teledyne-e2v-expands-its-emerald-image-sensor-family-with-new-36-mpixel-high-speed-chip-1028814623,positive,0.8695679306983948
1/22/2020 1:00:41 PM,Teledyne Technologies Inc Reveals Advance In Q4 Earnings,RTTNews,/news/stocks/teledyne-technologies-inc-reveals-advance-in-q4-earnings-1028835290,positive,0.9413086771965027
1/22/2020 1:21:32 PM,Teledyne Technologies Sees 2020 Profit Above View - Quick Facts ,RTTNews,/news/stocks/teledyne-technologies-sees-2020-profit-above-view-quick-facts-1028835433,positive,0.8584311604499817
1/30/2020 2:00:00 PM,Teledyne brings its most innovative imaging solutions to Photonics West,GlobeNewswire,/news/stocks/teledyne-brings-its-most-innovative-imaging-solutions-to-photonics-west-1028859427,positive,0.6496959924697876
2/4/2020 2:00:00 PM,Teledyne Princeton Instruments expands its groundbreaking NIRvana SWIR camera portfolio with unprecedented value-for-performance model,GlobeNewswire,/news/stocks/teledyne-princeton-instruments-expands-its-groundbreaking-nirvana-swir-camera-portfolio-with-unprecedented-value-for-performance-model-1028871619,positive,0.9161514639854431
2/11/2020 9:00:00 AM,Teledyne e2v to continue to develop and manufacture high specification CCD image sensors,GlobeNewswire,/news/stocks/teledyne-e2v-to-continue-to-develop-and-manufacture-high-specification-ccd-image-sensors-1028892021,neutral,0.7903645038604736
2/11/2020 2:00:00 PM,Teledyne CARIS’ HIPS and SIPS 11.3 release introduces revolutionary AI approach to cleaning sonar noise,GlobeNewswire,/news/stocks/teledyne-caris-hips-and-sips-11-3-release-introduces-revolutionary-ai-approach-to-cleaning-sonar-noise-1028892993,neutral,0.5421017408370972
2/20/2020 2:00:00 PM,Teledyne DALSA’s 32k TDI camera delivers the industry’s highest resolution in line scan imaging,GlobeNewswire,/news/stocks/teledyne-dalsa-s-32k-tdi-camera-delivers-the-industry-s-highest-resolution-in-line-scan-imaging-1028923335,positive,0.7297824025154114
3/3/2020 2:00:00 PM,Teledyne CARIS invites attendees to “bring the noise” at Oceanology International,GlobeNewswire,/news/stocks/teledyne-caris-invites-attendees-to-bring-the-noise-at-oceanology-international-1029261182,neutral,0.888570249080658
4/3/2020 9:17:11 PM,Teledyne confirms talks to acquire Photonis for $550M,Seeking Alpha,https://seekingalpha.com/news/3558394-teledyne-confirms-talks-to-acquire-photonis-for-550m?utm_source=markets.businessinsider.com&utm_medium=referral,neutral,0.7866230010986328
4/6/2020 1:19:50 PM,Teledyne Now Expects FY20 EPS To Be Lower Than Initial Outlook - Quick Facts ,RTTNews,/news/stocks/teledyne-now-expects-fy20-eps-to-be-lower-than-initial-outlook-quick-facts-1029067273,negative,0.9532613158226013
4/14/2020 2:00:10 PM,Teledyne DALSA’s newest thermal cameras ideal for non-contact fever screening ,GlobeNewswire,/news/stocks/teledyne-dalsa-s-newest-thermal-cameras-ideal-for-non-contact-fever-screening-1029089067,neutral,0.6741085648536682
4/21/2020 2:00:10 PM,New USB3 vision interface board level cameras engineered for embedded vision systems,GlobeNewswire,/news/stocks/new-usb3-vision-interface-board-level-cameras-engineered-for-embedded-vision-systems-1029111829,neutral,0.8157892823219299
4/21/2020 3:01:27 PM,Here's what Wall Street expects from Teledyne Technologies's earnings report,Markets Insider Automation,/news/stocks/teledyne_technologies-q1-quarterly-earnings-preview-stock-1029112315,neutral,0.9018111824989319
4/22/2020 1:00:20 PM,Teledyne Technologies Inc Profit Rises In Q1,RTTNews,/news/stocks/teledyne-technologies-inc-profit-rises-in-q1-1029116841,positive,0.899968683719635
4/22/2020 1:07:20 PM,Teledyne Technologies Slashes FY20 Earnings Outlook - Quick Facts ,RTTNews,/news/stocks/teledyne-technologies-slashes-fy20-earnings-outlook-quick-facts-1029116893,negative,0.9624033570289612
4/28/2020 9:00:10 AM,Teledyne e2v expands its Emerald image sensor family with new compact global shutter 3.2MP sensor,GlobeNewswire,/news/stocks/teledyne-e2v-expands-its-emerald-image-sensor-family-with-new-compact-global-shutter-3-2mp-sensor-1029136601,positive,0.7973528504371643
5/19/2020 10:00:10 AM,CCD Image Sensor Technology Plays Key Role in COVID-19 Diagnostics,GlobeNewswire,/news/stocks/ccd-image-sensor-technology-plays-key-role-in-covid-19-diagnostics-1029213610,neutral,0.8291359543800354
5/19/2020 2:00:10 PM,Teledyne’s new SWIR line scan camera enables defect detection beyond the visible,GlobeNewswire,/news/stocks/teledyne-s-new-swir-line-scan-camera-enables-defect-detection-beyond-the-visible-1029214550,positive,0.6738910675048828
6/2/2020 2:00:10 PM,New USB3 cameras engineered to meet the challenges of modern vision systems,GlobeNewswire,/news/stocks/new-usb3-cameras-engineered-to-meet-the-challenges-of-modern-vision-systems-1029272066,neutral,0.524323582649231
6/9/2020 2:00:10 PM,"Teledyne Princeton Instruments introduces Raman spectrometer for limitation-shattering, high-sensitivity performance in NIR",GlobeNewswire,/news/stocks/teledyne-princeton-instruments-introduces-raman-spectrometer-for-limitation-shattering-high-sensitivity-performance-in-nir-1029292266,neutral,0.6539193391799927
6/12/2020 10:11:00 PM,Quarterly S&P rebalancing spurs several late movers,Seeking Alpha,https://seekingalpha.com/news/3582812-quarterly-s-and-p-rebalancing-spurs-several-late-movers?utm_source=markets.businessinsider.com&utm_medium=referral,negative,0.9306235313415527
7/21/2020 3:01:34 PM,Teledyne Technologies is about to announce its earnings — here's what to expect,Markets Insider Automation,/news/stocks/teledyne_technologies-q2-earnings-preview-stock-1029414588,neutral,0.9422577619552612
7/22/2020 1:03:01 PM,Teledyne Technologies Inc Profit Drops In Q2,RTTNews,/news/stocks/teledyne-technologies-inc-profit-drops-in-q2-1029419277,negative,0.9738088846206665
7/22/2020 1:03:42 PM,Teledyne Technologies Raises FY20 Earnings Outlook - Quick Facts ,RTTNews,/news/stocks/teledyne-technologies-raises-fy20-earnings-outlook-quick-facts-1029419275,neutral,0.4915885031223297
7/30/2020 9:00:10 AM,Teledyne e2v introduces its uniquely flexible high resolution ToF sensor for next generation 3D vision systems,GlobeNewswire,/news/stocks/teledyne-e2v-introduces-its-uniquely-flexible-high-resolution-tof-sensor-for-next-generation-3d-vision-systems-1029449206,positive,0.8222545981407166
8/11/2020 2:00:10 PM,Teledyne Princeton Instruments and Teledyne Acton Optics’ UV lenses and mirrors on board NASA’s Mars Rover Perseverance,GlobeNewswire,/news/stocks/teledyne-princeton-instruments-and-teledyne-acton-optics-uv-lenses-and-mirrors-on-board-nasa-s-mars-rover-perseverance-1029491278,neutral,0.9198032021522522
9/8/2020 9:00:10 AM,"Teledyne e2v’s new optical module ideal for scanning, embedded imaging and IoT applications",GlobeNewswire,/news/stocks/teledyne-e2v-s-new-optical-module-ideal-for-scanning-embedded-imaging-and-iot-applications-1029567852,positive,0.5657671689987183
9/10/2020 2:00:10 PM,New CLHS cameras engineered for true high-performance image capture,GlobeNewswire,/news/stocks/new-clhs-cameras-engineered-for-true-high-performance-image-capture-1029577529,neutral,0.7242804765701294
9/22/2020 2:00:10 PM,Teledyne DALSA introduces a thermal camera dedicated to elevated skin temperature screening,GlobeNewswire,/news/stocks/teledyne-dalsa-introduces-a-thermal-camera-dedicated-to-elevated-skin-temperature-screening-1029610430,neutral,0.7650097012519836
10/6/2020 2:00:10 PM,Teledyne DALSA’s thermal imaging camera plays pivotal role in Nuvoola’s AI-powered elevated skin temperature screening solution,GlobeNewswire,/news/stocks/teledyne-dalsa-s-thermal-imaging-camera-plays-pivotal-role-in-nuvoola-s-ai-powered-elevated-skin-temperature-screening-solution-1029651811,neutral,0.7912209033966064
10/6/2020 2:00:10 PM,Teledyne DALSA releases powerful suite of image processing and artificial intelligence software,GlobeNewswire,/news/stocks/teledyne-dalsa-releases-powerful-suite-of-image-processing-and-artificial-intelligence-software-1029651817,neutral,0.7102325558662415
10/13/2020 2:00:10 PM,New GigE and USB3 cameras designed for use in challenging lighting conditions,GlobeNewswire,/news/stocks/new-gige-and-usb3-cameras-designed-for-use-in-challenging-lighting-conditions-1029673573,neutral,0.764329195022583
10/19/2020 2:00:10 AM,Teledyne DALSA’s unrivaled CMOS X-ray detectors highlighted at CMEF 2020,GlobeNewswire,/news/stocks/teledyne-dalsa-s-unrivaled-cmos-x-ray-detectors-highlighted-at-cmef-2020-1029691305,neutral,0.8639527559280396
10/20/2020 2:00:10 PM,Teledyne Imaging’s new Z-Trak2 family of 3D profile sensors delivers up to 45K profiles/sec,GlobeNewswire,/news/stocks/teledyne-imaging-s-new-z-trak2-family-of-3d-profile-sensors-delivers-up-to-45k-profiles-sec-1029698098,positive,0.5197754502296448
10/20/2020 4:11:53 PM,Notable earnings before Wednesday's open,Seeking Alpha,https://seekingalpha.com/news/3623754-notable-earnings-wednesdays-open?utm_source=markets.businessinsider.com&utm_medium=referral,positive,0.855887770652771
10/20/2020 5:20:44 PM,Teledyne Q3 2020 Earnings Preview,Seeking Alpha,https://seekingalpha.com/news/3623817-teledyne-q3-2020-earnings-preview?utm_source=markets.businessinsider.com&utm_medium=referral,neutral,0.8967377543449402
10/21/2020 10:57:19 AM,"Teledyne EPS beats by $0.10, misses on revenue",Seeking Alpha,https://seekingalpha.com/news/3624090-teledyne-eps-beats-0_10-misses-on-revenue?utm_source=markets.businessinsider.com&utm_medium=referral,positive,0.7046996355056763
10/21/2020 12:59:11 PM,Teledyne Technologies Inc Q3 Profit Falls,RTTNews,/news/stocks/teledyne-technologies-inc-q3-profit-falls-1029703765,negative,0.8295038342475891
10/21/2020 1:02:14 PM,Teledyne Technologies Raises FY20 Earnings Outlook - Quick Facts ,RTTNews,/news/stocks/teledyne-technologies-raises-fy20-earnings-outlook-quick-facts-1029703820,neutral,0.4915885031223297
10/21/2020 3:01:38 PM,Here's what Wall Street expects from Teledyne Technologies's earnings report,Markets Insider Automation,/news/stocks/teledyne_technologies-stock-price-quarter-earnings-preview-q3-1029704722,neutral,0.9018111824989319
10/21/2020 5:31:32 PM,Teledyne Technologies -3% post Q3 results; guides Q4 EPS in-line,Seeking Alpha,https://seekingalpha.com/news/3624349-teledyne-technologiesminus-3-post-q3-results-guides-q4-eps-in-line?utm_source=markets.businessinsider.com&utm_medium=referral,positive,0.6147400736808777
11/3/2020 2:00:00 PM,Teledyne Imaging’s virtual event to showcase latest solutions for industrial imaging,GlobeNewswire,/news/stocks/teledyne-imaging-s-virtual-event-to-showcase-latest-solutions-for-industrial-imaging-1029758498,neutral,0.7532899975776672
11/16/2020 11:19:36 PM,"With Tesla taking a (sizable) space in S&P 500, who will get bumped?",Seeking Alpha,https://seekingalpha.com/news/3636893-tesla-taking-sizable-space-in-s-and-p-500-who-will-get-bumped?utm_source=markets.businessinsider.com&utm_medium=referral,neutral,0.879341721534729
11/18/2020 2:00:00 PM,Teledyne Imaging announces development of new generation of CMOS sensors and cameras,GlobeNewswire,/news/stocks/teledyne-imaging-announces-development-of-new-generation-of-cmos-sensors-and-cameras-1029815537,positive,0.535689115524292
11/25/2020 1:00:00 PM,Teledyne CARIS receives Canada’s Ocean Supercluster award through the Accelerated Ocean Solutions Program,GlobeNewswire,/news/stocks/teledyne-caris-receives-canada-s-ocean-supercluster-award-through-the-accelerated-ocean-solutions-program-1029837925,positive,0.8150694966316223
12/16/2020 6:53:41 PM,Nio’s Latest Stock Sale is Capital Allocation 101,InvestorPlace,/news/stocks/nios-latest-nio-stock-sale-is-capital-allocation-101-1029899879,neutral,0.9345150589942932
1/4/2021 11:58:57 AM,"Teledyne to acquire FLIR Systems for $8B, guides Q4 preliminary results above consensus",Seeking Alpha,https://seekingalpha.com/news/3648242-teledyne-to-acquire-flir-systems-for-8b-guides-q4-preliminary-results-above-consensus?utm_source=markets.businessinsider.com&utm_medium=referral,neutral,0.8646774888038635
1/4/2021 1:16:14 PM,"Teledyne To Buy FLIR Systems In $8.0 Bln Cash & Stock Deal; Lifts Q4, FY Profit Outlook ",RTTNews,/news/stocks/teledyne-to-buy-flir-systems-in-8-0-bln-cash-stock-deal-lifts-q4-fy-profit-outlook-1029930089,positive,0.9426196813583374
1/4/2021 5:16:33 PM,FLIR Stock News: 12 Things to Know About the FLIR Systems/Teledyne Deal,InvestorPlace,/news/stocks/flir-stock-news-12-things-to-know-about-the-flir-systems-teledyne-deal-1029931425,neutral,0.9445245862007141
1/5/2021 2:26:01 PM,10 Biggest Price Target Changes For Tuesday,Benzinga,/news/stocks/10-biggest-price-target-changes-for-tuesday-1029933720,neutral,0.8152946829795837
1/14/2021 12:55:38 PM,Space names take off as ARK Invest jumps into sector with ETF,Seeking Alpha,https://seekingalpha.com/news/3651398-space-names-take-off-ark-invest-jumps-sector-etf?utm_source=markets.businessinsider.com&utm_medium=referral,positive,0.5122311115264893
1/14/2021 9:15:01 PM,Teledyne Technologies' subsidiary nabs $18M Northrop Grumman,Seeking Alpha,https://seekingalpha.com/news/3651617-teledyne-technologies-subsidiary-nabs-18m-northrop-grumman?utm_source=markets.businessinsider.com&utm_medium=referral,neutral,0.8856666684150696
1/25/2021 3:01:29 PM,Teledyne Technologies earnings: here's what Wall Street expects,Markets Insider Automation,/news/stocks/teledyne_technologies-q4-quarterly-earnings-preview-1029999381,neutral,0.9335903525352478
1/26/2021 4:29:52 PM,Notable earnings before Wednesday's open,Seeking Alpha,https://seekingalpha.com/news/3654433-notable-earnings-before-wednesdays-open?utm_source=markets.businessinsider.com&utm_medium=referral,positive,0.855887770652771
1/26/2021 5:25:55 PM,Teledyne Q4 2020 Earnings Preview,Seeking Alpha,https://seekingalpha.com/news/3654467-teledyne-q4-2020-earnings-preview?utm_source=markets.businessinsider.com&utm_medium=referral,neutral,0.8997092843055725
1/27/2021 12:00:57 PM,"Teledyne EPS beats by $0.32, beats on revenue",Seeking Alpha,https://seekingalpha.com/news/3654799-teledyne-eps-beats-0_32-beats-on-revenue?utm_source=markets.businessinsider.com&utm_medium=referral,positive,0.612030029296875
1/27/2021 1:05:20 PM,Teledyne Technologies Inc Reports Gain In Q4 Bottom Line,RTTNews,/news/stocks/teledyne-technologies-inc-reports-gain-in-q4-bottom-line-1030009052,positive,0.9335758090019226
1/27/2021 1:08:54 PM,Teledyne Issues Outlook - Quick Facts ,RTTNews,/news/stocks/teledyne-issues-outlook-quick-facts-1030009120,neutral,0.90477454662323
1/27/2021 3:37:34 PM,Teledyne Technologies beats Q4 earnings estimates; guides Q1 EPS in-line with consensus,Seeking Alpha,https://seekingalpha.com/news/3654961-teledyne-technologies-beats-q4-earnings-estimates-guides-q1-eps-in-line?utm_source=markets.businessinsider.com&utm_medium=referral,positive,0.9494908452033997
1/30/2021 5:10:43 PM,"Notable Insider Buys Seen In The Past Week: Green Brick, Intel, Teledyne And More",Benzinga,/news/stocks/notable-insider-buys-seen-in-the-past-week-green-brick-intel-teledyne-and-more-1030022200,neutral,0.8728711009025574
3/4/2021 10:19:00 PM,Teledyne Technologies Incorporated -- Moody's assigns (P)Baa3 senior unsecured rating to Teledyne Technologies' shelf registration; Outlook stable,Moodys,/news/bonds/teledyne-technologies-incorporated-moody-s-assigns-p-baa3-senior-unsecured-rating-to-teledyne-technologies-shelf-registration-outlook-stable-1030152532,positive,0.8031536340713501
3/6/2021 7:14:15 PM,"The Past Week's Most Notable Insider Buys: Editas, Exxon Mobil, Wayfare And More",Benzinga,/news/stocks/the-past-week-s-most-notable-insider-buys-editas-exxon-mobil-wayfare-and-more-1030156878,neutral,0.843529224395752
3/8/2021 5:07:00 PM,Teledyne Technologies Incorporated -- Moody's assigns Baa3 rating to Teledyne Technologies' new senior unsecured notes; outlook stable,Moodys,/news/bonds/teledyne-technologies-incorporated-moody-s-assigns-baa3-rating-to-teledyne-technologies-new-senior-unsecured-notes-outlook-stable-1030160283,positive,0.7747241854667664
3/29/2021 10:50:07 PM,The First 39 Companies In Cathie Wood's Ark Invest Space ETF,Benzinga,/news/stocks/the-first-39-companies-in-cathie-wood-s-ark-invest-space-etf-1030256303,neutral,0.9352075457572937
4/27/2021 12:04:03 PM,Teledyne's purchase of FLIR Systems gets Chinese antitrust approval,Seeking Alpha,https://seekingalpha.com/news/3686013-teledyns-purchase-of-flir-systems-gets-chinese-antitrust-approval?utm_source=markets.businessinsider.com&utm_medium=referral,neutral,0.8416995406150818
4/27/2021 4:20:38 PM,Notable earnings before Wednesday's open,Seeking Alpha,https://seekingalpha.com/news/3686206-notable-earnings-wednesdays-open?utm_source=markets.businessinsider.com&utm_medium=referral,positive,0.855887770652771
4/27/2021 5:37:55 PM,Teledyne Q1 2021 Earnings Preview,Seeking Alpha,https://seekingalpha.com/news/3686307-teledyne-q1-2021-earnings-preview?utm_source=markets.businessinsider.com&utm_medium=referral,neutral,0.8507643342018127
4/28/2021 10:58:06 AM,"Teledyne EPS beats by $0.46, beats on revenue; outlook",Seeking Alpha,https://seekingalpha.com/news/3686723-teledyne-eps-beats-by-046-beats-on-revenue-outlook?utm_source=markets.businessinsider.com&utm_medium=referral,positive,0.9287133812904358
4/28/2021 12:59:05 PM,Teledyne Technologies Inc Q1 adjusted earnings Beat Estimates,RTTNews,/news/stocks/teledyne-technologies-inc-q1-adjusted-earnings-beat-estimates-1030357225,positive,0.8815404176712036
4/28/2021 1:16:12 PM,Teledyne Technologies Raises FY21 Adj. Earnings Outlook - Quick Facts ,RTTNews,/news/stocks/teledyne-technologies-raises-fy21-adj-earnings-outlook-quick-facts-1030357392,neutral,0.8122277855873108
5/4/2021 6:17:24 AM,"Cathie Wood Loads Up More On Alibaba Rivals Pinduoduo, JD — Also Adds Skillz",Benzinga,/news/stocks/cathie-wood-loads-up-more-on-alibaba-rivals-pinduoduo-jd-—-also-adds-skillz-1030381350,positive,0.8276785612106323
5/5/2021 8:52:20 AM,Cathie Wood Loaded Up Further On Skillz On Earnings Day,Benzinga,/news/stocks/cathie-wood-loaded-up-further-on-skillz-on-earnings-day-1030388979,positive,0.8949487805366516
5/6/2021 7:18:58 AM,"Cathie Wood Loads Up More On Peloton, Skillz, Teladoc On The Dip",Benzinga,/news/stocks/cathie-wood-loads-up-more-on-peloton-skillz-teladoc-on-the-dip-1030394379,neutral,0.7985936403274536
5/7/2021 8:22:04 AM,"Cathie Wood Slashes Apple Stake To Half — Also Trims Google, Fastly: What You Need To Know",Benzinga,/news/stocks/cathie-wood-slashes-apple-stake-to-half-—-also-trims-google-fastly-what-you-need-to-know-1030401084,neutral,0.6804787516593933
5/7/2021 11:02:00 PM,Teledyne Technologies Incorporated -- Moody's announces completion of a periodic review of ratings of Teledyne Technologies Incorporated,Moodys,/news/bonds/teledyne-technologies-incorporated-moody-s-announces-completion-of-a-periodic-review-of-ratings-of-teledyne-technologies-incorporated-1030403781,neutral,0.8785352110862732
5/11/2021 5:07:42 AM,"Cathie Wood Cuts Apple Stake By 30% And Buys Coinbase, DraftKings",Benzinga,/news/stocks/cathie-wood-cuts-apple-stake-by-30-and-buys-coinbase-draftkings-1030411583,neutral,0.593415379524231
5/14/2021 2:16:34 PM,Teledyne completes acquisition of FLIR,Seeking Alpha,https://seekingalpha.com/news/3696663-teledyne-completes-acquisition-of-flir?utm_source=markets.businessinsider.com&utm_medium=referral,neutral,0.8691076636314392
5/18/2021 7:20:45 AM,Cathie Wood Cuts Apple Stake Almost Entirely — And Buys More Coinbase,Benzinga,/news/stocks/cathie-wood-cuts-apple-stake-almost-entirely-—-and-buys-more-coinbase-1030439382,neutral,0.8073779344558716
5/25/2021 4:02:44 PM,"Benzinga's Top Ratings Upgrades, Downgrades For May 25, 2021",Benzinga,/news/stocks/benzinga-s-top-ratings-upgrades-downgrades-for-may-25-2021-1030463045,negative,0.5758828520774841
7/27/2021 12:43:54 PM,Notable earnings before Wednesday's open,Seeking Alpha,https://seekingalpha.com/news/3719608-notable-earnings-before-wednesdays-open?utm_source=markets.businessinsider.com&utm_medium=referral,positive,0.855887770652771
7/28/2021 10:58:05 AM,"Teledyne EPS beats by $1.80, beats on revenue; issues guidance",Seeking Alpha,https://seekingalpha.com/news/3720298-teledyne-eps-beats-by-180-beats-on-revenue-issues-guidance?utm_source=markets.businessinsider.com&utm_medium=referral,neutral,0.8242183923721313
7/28/2021 1:00:24 PM,Teledyne Technologies Inc Q2 adjusted earnings Beat Estimates,RTTNews,/news/stocks/teledyne-technologies-inc-q2-adjusted-earnings-beat-estimates-1030655563,positive,0.8577425479888916
7/28/2021 2:44:33 PM,Teledyne Technologies Boosts FY21 Outlook - Quick Facts ,RTTNews,/news/stocks/teledyne-technologies-boosts-fy21-outlook-quick-facts-1030656441,positive,0.9310516715049744
8/30/2021 1:36:25 PM,"Teledyne Says Robert Mehrabian To Resume Role Of Chairman, President And CEO - Quick Facts ",RTTNews,/news/stocks/teledyne-says-robert-mehrabian-to-resume-role-of-chairman-president-and-ceo-quick-facts-1030766639,neutral,0.9437012076377869
9/14/2021 5:22:36 PM,7 Defense Stocks to Watch as Terrorism Fears Soar,InvestorPlace,/news/stocks/7-defense-stocks-to-watch-terrorism-fears-soar-1030799410,neutral,0.8641278743743896
10/25/2021 3:02:03 PM,Here's what Wall Street expects from Teledyne Technologies's earnings report,Markets Insider Automation,/news/stocks/teledyne_technologies-stock-price-quarter-earnings-preview-q3-1030894696,neutral,0.9018111824989319
10/26/2021 2:59:35 PM,Notable earnings before Wednesday's open,Seeking Alpha,https://seekingalpha.com/news/3758153-notable-earnings-before-wednesdays-open?utm_source=markets.businessinsider.com&utm_medium=referral,positive,0.855887770652771
10/27/2021 1:03:36 PM,Teledyne Technologies Inc Q3 adjusted earnings Beat Estimates,RTTNews,/news/stocks/teledyne-technologies-inc-q3-adjusted-earnings-beat-estimates-1030904462,positive,0.8622376322746277
10/27/2021 6:48:26 PM,Teledyne Technologies rises 4% on record sales,Seeking Alpha,https://seekingalpha.com/news/3759288-teledyne-technologies-rises-4-on-record-sales?utm_source=markets.businessinsider.com&utm_medium=referral,positive,0.9404268860816956
11/24/2021 4:17:55 PM,7 Hot Penny Stocks to Buy for December That Are Positioned to Pop,InvestorPlace,/news/stocks/7-hot-penny-stocks-to-buy-for-december-that-are-positioned-to-pop-1031001753,neutral,0.8042860627174377
12/3/2021 4:17:42 PM,"Benzinga's Top Ratings Upgrades, Downgrades For December 3, 2021",Benzinga,/news/stocks/benzinga-s-top-ratings-upgrades-downgrades-for-december-3-2021-1031023358,negative,0.5363758206367493
1/26/2022 3:01:13 PM,Teledyne Technologies earnings preview: what Wall Street is expecting,Markets Insider Automation,/news/stocks/teledyne_technologies-stock-price-quarter-earnings-preview-q4-1031131001,neutral,0.9161250591278076
1/26/2022 3:59:27 PM,Notable earnings before Thursday's open,Seeking Alpha,https://seekingalpha.com/news/3791870-notable-earnings-before-thursdays-open?utm_source=markets.businessinsider.com&utm_medium=referral,positive,0.8825733065605164
1/26/2022 6:27:21 PM,Teledyne Q4 2021 Earnings Preview,Seeking Alpha,https://seekingalpha.com/news/3791981-teledyne-q4-2021-earnings-preview?utm_source=markets.businessinsider.com&utm_medium=referral,neutral,0.8572582602500916
1/27/2022 11:59:08 AM,"Teledyne Non-GAAP EPS of $4.56 beats by $0.36, revenue of $1.38B beats by $20M",Seeking Alpha,https://seekingalpha.com/news/3792313-teledyne-non-gaap-eps-of-456-beats-by-036-revenue-of-138b-beats-by-20m?utm_source=markets.businessinsider.com&utm_medium=referral,neutral,0.636043131351471
1/27/2022 12:59:45 PM,Teledyne Technologies Inc Q4 Profit Beats Estimates,RTTNews,/news/stocks/teledyne-technologies-inc-q4-profit-beats-estimates-1031134861,positive,0.7151566743850708
4/8/2022 9:05:59 PM,"9 Best Stocks To Buy In Q2? AMD, Lululemon And More",Benzinga,/news/stocks/9-best-stocks-to-buy-in-q2-amd-lululemon-and-more-1031343799,neutral,0.9298648238182068
4/26/2022 2:51:26 PM,Notable earnings before Wednesday's open,Seeking Alpha,https://seekingalpha.com/news/3826832-notable-earnings-before-wednesdays-open?utm_source=markets.businessinsider.com&utm_medium=referral,positive,0.855887770652771
4/26/2022 3:01:13 PM,Teledyne Technologies is about to announce earnings — here's what Wall Street expects,Markets Insider Automation,/news/stocks/teledyne_technologies-quarter-earnings-preview-q1-1031384752,neutral,0.9366803765296936
4/26/2022 6:09:40 PM,Teledyne Q1 2022 Earnings Preview,Seeking Alpha,https://seekingalpha.com/news/3827052-teledyne-q1-2022-earnings-preview?utm_source=markets.businessinsider.com&utm_medium=referral,neutral,0.9236586689949036
4/27/2022 10:57:26 AM,"Teledyne Non-GAAP EPS of $4.27 beats by $0.19, revenue of $1.32B misses by $10M; updates FY22 guidance",Seeking Alpha,https://seekingalpha.com/news/3827431-teledyne-non-gaap-eps-of-427-beats-by-019-revenue-of-132b-misses-by-10m-updates-fy22-guidance?utm_source=markets.businessinsider.com&utm_medium=referral,neutral,0.6248905062675476
4/27/2022 1:34:56 PM,"Teledyne Technologies Inc Q1 Profit Increases, beats estimates",RTTNews,/news/stocks/teledyne-technologies-inc-q1-profit-increases-beats-estimates-1031390571,positive,0.9218477606773376
4/27/2022 2:28:41 PM,Teledyne Technologies Lifts Annual Earnings Outlook ,RTTNews,/news/stocks/teledyne-technologies-lifts-annual-earnings-outlook-1031390933,positive,0.9189069867134094
5/17/2022 11:00:29 AM,More boxes checked off in stock market bottom checklist,Seeking Alpha,https://seekingalpha.com/news/3839374-more-boxes-filled-in-stock-market-bottom-checklist?utm_source=markets.businessinsider.com&utm_medium=referral,neutral,0.6595116257667542
7/15/2022 12:06:32 PM,Teledyne takes majority interest in Noiseless Acoustics,Seeking Alpha,https://seekingalpha.com/news/3857145-teledyne-takes-majority-interest-in-noiseless-acoustics?utm_source=businessinsider&utm_medium=referral,neutral,0.9395617842674255
7/15/2022 2:14:33 PM,Teledyne Acquires Majority Interest In Noiseless Acoustics For Undisclosed Terms ,RTTNews,/news/stocks/teledyne-acquires-majority-interest-in-noiseless-acoustics-for-undisclosed-terms-1031590128,neutral,0.9314907789230347
7/19/2022 1:24:09 PM,Sidus Space surges 18% premarket on expanding relationship with Teledyne Marine,Seeking Alpha,https://seekingalpha.com/news/3858055-sidus-space-surges-18-premarket-on-expanding-relationship-with-teledyne-marine?utm_source=businessinsider&utm_medium=referral,positive,0.9480023980140686
7/19/2022 4:55:28 PM,Sidus Space (SIDU) Stock Soars 30% on Teledyne Deal,InvestorPlace,/news/stocks/sidus-space-sidu-stock-soars-30-percent-on-teledyne-deal-1031598113,positive,0.645918071269989
7/26/2022 3:01:13 PM,Teledyne Technologies earnings preview: what Wall Street is expecting,Markets Insider Automation,/news/stocks/teledyne_technologies-stock-q2-earnings-preview-1031615370,neutral,0.9161250591278076
7/26/2022 4:10:41 PM,Teledyne Q2 2022 Earnings Preview,Seeking Alpha,https://seekingalpha.com/news/3860628-teledyne-q2-2022-earnings-preview?utm_source=businessinsider&utm_medium=referral,neutral,0.9222509264945984
7/27/2022 11:00:53 AM,"Teledyne Non-GAAP EPS of $4.43 beats by $0.05, revenue of $1.36B in-line, raises FY earning guidance",Seeking Alpha,https://seekingalpha.com/news/3861178-teledyne-non-gaap-eps-of-443-beats-by-005-revenue-of-136b-in-line-raises-fy-earning-guidance?utm_source=businessinsider&utm_medium=referral,positive,0.9477010369300842
7/27/2022 1:03:50 PM,"Teledyne Technologies Inc Q2 Profit Increases, beats estimates",RTTNews,/news/stocks/teledyne-technologies-inc-q2-profit-increases-beats-estimates-1031619859,positive,0.9245371222496033
7/27/2022 1:25:29 PM,Teledyne Technologies Sees Q3 Earnings Below Market; Cuts FY22 Outlook - Update ,RTTNews,/news/stocks/teledyne-technologies-sees-q3-earnings-below-market-cuts-fy22-outlook-update-1031619992,negative,0.9235963225364685
7/27/2022 6:49:29 PM,"Sherwin-Williams, Kraft Heinz And Some Other Big Stocks Moving Lower On Wednesday",Benzinga,/news/stocks/sherwin-williams-kraft-heinz-and-some-other-big-stocks-moving-lower-on-wednesday-1031621712,negative,0.9681714177131653
10/25/2022 3:01:13 PM,Teledyne Technologies is about to announce its earnings — here's what to expect,Markets Insider Automation,/news/stocks/teledyne_technologies-stock-price-q3-earnings-preview-1031832754,neutral,0.9422577619552612
10/25/2022 4:02:03 PM,Teledyne Q3 2022 Earnings Preview,Seeking Alpha,https://seekingalpha.com/news/3894867-teledyne-q3-2022-earnings-preview?utm_source=businessinsider&utm_medium=referral,neutral,0.9216273427009583
10/26/2022 10:46:21 AM,Teledyne to acquire electronic components maker ETM-Electromatic,Seeking Alpha,https://seekingalpha.com/news/3895330-teledyne-to-acquire-electronic-components-maker-etm-electromatic?utm_source=businessinsider&utm_medium=referral,neutral,0.9145849347114563
10/26/2022 10:57:20 AM,"Teledyne Non-GAAP EPS of $4.54 beats by $0.24, revenue of $1.36B in-line",Seeking Alpha,https://seekingalpha.com/news/3895344-teledyne-non-gaap-eps-of-4_54-beats-0_24-revenue-of-1_36b-in-line?utm_source=businessinsider&utm_medium=referral,neutral,0.7820910811424255
10/26/2022 12:39:39 PM,Teledyne To Buy ETM-Electromatic For Undisclosed Terms ,RTTNews,/news/stocks/teledyne-to-buy-etm-electromatic-for-undisclosed-terms-1031837297,neutral,0.9161533713340759
10/26/2022 1:00:15 PM,"Teledyne Technologies Inc Q3 Profit Increases, beats estimates",RTTNews,/news/stocks/teledyne-technologies-inc-q3-profit-increases-beats-estimates-1031837379,positive,0.9199051856994629
10/26/2022 1:24:47 PM,Teledyne Technologies Issues Q4 View; Lifts FY22 Forecast Above Market - Update ,RTTNews,/news/stocks/teledyne-technologies-issues-q4-view-lifts-fy22-forecast-above-market-update-1031837496,positive,0.925500214099884
10/26/2022 10:31:28 PM,"Analysts Offer Insights on Technology Companies: Seagate Tech (STX), Teledyne Technologies (TDY) and Teradyne (TER)",TipRanks,/news/stocks/analysts-offer-insights-on-technology-companies-seagate-tech-stx-teledyne-technologies-tdy-and-teradyne-ter-1031840323,neutral,0.922417938709259
11/14/2022 10:38:45 PM,"Soros Fund Management takes new positions in Sierra Wireless, Booking, Agree Realty",Seeking Alpha,https://seekingalpha.com/news/3907552-soros-fund-management-takes-new-positions-in-sierra-wireless-booking-agree-realty?utm_source=businessinsider&utm_medium=referral,neutral,0.9376700520515442
12/12/2022 4:01:31 PM,"Benzinga's Top Ratings Upgrades, Downgrades For December 12, 2022",Benzinga,/news/stocks/benzinga-s-top-ratings-upgrades-downgrades-for-december-12-2022-1031965540,neutral,0.508861243724823
12/13/2022 4:01:30 PM,"Benzinga's Top Ratings Upgrades, Downgrades For December 13, 2022",Benzinga,/news/stocks/benzinga-s-top-ratings-upgrades-downgrades-for-december-13-2022-1031969491,neutral,0.5110196471214294
1/3/2023 5:21:09 PM,Teledyne acquires ChartWorld International,Seeking Alpha,https://seekingalpha.com/news/3921638-teledyne-acquires-chartworld-international?utm_source=businessinsider&utm_medium=referral,neutral,0.9321762323379517
1/24/2023 3:01:13 PM,Here's what to expect from Teledyne Technologies's earnings,Markets Insider Automation,/news/stocks/teledyne_technologies-q4-earnings-preview-stock-1032036920,neutral,0.9409030675888062
1/24/2023 3:12:43 PM,Notable earnings before Wednesday's open,Seeking Alpha,https://seekingalpha.com/news/3927200-notable-earnings-before-wednesdays-open?utm_source=businessinsider&utm_medium=referral,positive,0.855887770652771
1/24/2023 6:13:35 PM,Teledyne Q4 2022 Earnings Preview,Seeking Alpha,https://seekingalpha.com/news/3927358-teledyne-q4-2022-earnings-preview?utm_source=businessinsider&utm_medium=referral,neutral,0.9242890477180481
1/25/2023 11:58:00 AM,Teledyne reports Q4 earnings beat; initiates FY23 EPS guidance range above estimates,Seeking Alpha,https://seekingalpha.com/news/3927630-teledyne-reports-q4-earnings-beat-initiates-fy23-eps-guidance-range-above-estimates?utm_source=businessinsider&utm_medium=referral,positive,0.9243662357330322
1/25/2023 1:00:13 PM,"Teledyne Technologies Inc Q4 Profit Increases, beats estimates",RTTNews,/news/stocks/teledyne-technologies-inc-q4-profit-increases-beats-estimates-1032039903,positive,0.9299948811531067
1/25/2023 1:14:16 PM,"Teledyne Technologies Issues Earnings View For Q1, FY23 - Update ",RTTNews,/news/stocks/teledyne-technologies-issues-earnings-view-for-q1-fy23-update-1032039994,neutral,0.8937976956367493
1/25/2023 5:28:10 PM,Teledyne rises after quarterly earnings beat estimates,Seeking Alpha,https://seekingalpha.com/news/3927855-teledyne-rises-after-quarterly-earnings-beat-estimates?utm_source=businessinsider&utm_medium=referral,positive,0.8863621950149536
1/26/2023 10:50:43 AM,Wall Street Analysts Are Bullish on Top Technology Picks,TipRanks,/news/stocks/wall-street-analysts-are-bullish-on-top-technology-picks-1032043176,positive,0.5188648700714111
1/26/2023 1:48:11 PM,NIKE To Rally Over 23%? Here Are 10 Other Analyst Forecasts For Thursday,Benzinga,/news/stocks/nike-to-rally-over-23-here-are-10-other-analyst-forecasts-for-thursday-1032043576,neutral,0.8975791931152344
1/30/2023 11:50:58 AM,"Analysts Are Bullish on Top Technology Stocks: AT&T (T), Alphabet Class A (GOOGL)",TipRanks,/news/stocks/analysts-are-bullish-on-top-technology-stocks-at-t-t-alphabet-class-a-googl-1032050517,positive,0.4895676076412201
2/26/2023 2:46:06 PM,7 Penny Stocks to Buy and Hold for the Next Decade,InvestorPlace,/news/stocks/7-penny-stocks-to-buy-and-hold-for-the-next-decade-1032125499,neutral,0.9182962775230408
4/25/2023 3:01:13 PM,Teledyne Technologies is about to announce its earnings — here's what Wall Street expects,Markets Insider Automation,/news/stocks/teledyne_technologies-stock-price-quarter-earnings-preview-q1-1032258470,neutral,0.9352270364761353
4/25/2023 3:10:17 PM,Notable earnings before Wednesday's open,Seeking Alpha,https://seekingalpha.com/news/3959785-notable-earnings-before-wednesdays-open?utm_source=businessinsider&utm_medium=referral,positive,0.855887770652771
4/25/2023 5:18:36 PM,Teledyne Q1 2023 Earnings Preview,Seeking Alpha,https://seekingalpha.com/news/3959924-teledyne-q1-2023-earnings-preview?utm_source=businessinsider&utm_medium=referral,neutral,0.9237812161445618
4/26/2023 10:56:22 AM,"Teledyne Non-GAAP EPS of $4.53 beats by $0.10, revenue of $1.38B beats by $10M",Seeking Alpha,https://seekingalpha.com/news/3960318-teledyne-non-gaap-eps-of-453-beats-by-010-revenue-of-138b-beats-by-10m?utm_source=businessinsider&utm_medium=referral,neutral,0.6647146940231323
4/26/2023 1:34:04 PM,"Teledyne Technologies Inc Q1 Profit Decreases, but beats estimates",RTTNews,/news/stocks/teledyne-technologies-inc-q1-profit-decreases-but-beats-estimates-1032263022,negative,0.9669723510742188
4/26/2023 4:32:55 PM,Teledyne Drops As Profit Outlook Comes In Below View ,RTTNews,/news/stocks/teledyne-drops-as-profit-outlook-comes-in-below-view-1032264198,negative,0.9679674506187439
4/26/2023 10:25:05 PM,Goldman Sachs Remains a Hold on Teledyne Technologies (TDY),TipRanks,/news/stocks/goldman-sachs-remains-a-hold-on-teledyne-technologies-tdy-1032265568,neutral,0.9057972431182861
4/27/2023 9:15:10 AM,Teledyne Technologies (TDY) Receives a Hold from Morgan Stanley,TipRanks,/news/stocks/teledyne-technologies-tdy-receives-a-hold-from-morgan-stanley-1032267672,neutral,0.820806086063385
5/25/2023 10:30:32 AM,"Analysts’ Opinions Are Mixed on These Technology Stocks: Digital Turbine (APPS), Teledyne Technologies (TDY) and Shopify (SHOP)",TipRanks,/news/stocks/analysts-opinions-are-mixed-on-these-technology-stocks-digital-turbine-apps-teledyne-technologies-tdy-and-shopify-shop-1032351152,negative,0.6911171674728394
6/29/2023 9:02:34 AM,Goldman adds 39 new stocks to its Sharpe Ratio basket with megacaps absent,Seeking Alpha,https://seekingalpha.com/news/3983745-goldman-adds-39-new-stocks-to-its-sharpe-ratio-basket?utm_source=businessinsider&utm_medium=referral,neutral,0.5409156084060669
7/10/2023 6:47:27 PM,Why Is Mobilicom (MOB) Stock Up 80% Today?,InvestorPlace,/news/stocks/why-is-mobilicom-mob-stock-up-80-today-1032435715,positive,0.7750263810157776
7/12/2023 10:18:39 PM,"Top Investment Bank Unveils 3 ETFs, 10 Stocks To Buy In The AI Boom",Benzinga,/news/stocks/top-investment-bank-unveils-3-etfs-10-stocks-to-buy-in-the-ai-boom-1032442410,neutral,0.816116988658905
7/25/2023 2:52:39 PM,Notable earnings before Wednesday's open,Seeking Alpha,https://seekingalpha.com/news/3990598-notable-earnings-before-wednesdays-open?utm_source=businessinsider&utm_medium=referral,positive,0.855887770652771
7/25/2023 3:01:13 PM,Teledyne Technologies earnings: here's what Wall Street expects,Markets Insider Automation,/news/stocks/teledyne_technologies-stock-price-quarter-earnings-preview-q2-1032474499,neutral,0.9335903525352478
7/25/2023 6:14:49 PM,Teledyne Q2 2023 Earnings Preview,Seeking Alpha,https://seekingalpha.com/news/3990741-teledyne-q2-2023-earnings-preview?utm_source=businessinsider&utm_medium=referral,neutral,0.9214833974838257
7/26/2023 10:55:57 AM,"Teledyne Non-GAAP EPS of $4.67 beats by $0.03, revenue of $1.42B beats by $10M",Seeking Alpha,https://seekingalpha.com/news/3991058-teledyne-non-gaap-eps-of-4_67-beats-0_03-revenue-of-1_42b-beats-10m?utm_source=businessinsider&utm_medium=referral,neutral,0.6320705413818359
7/26/2023 1:03:33 PM,"Teledyne Technologies Inc Q2 Profit Increases, beats estimates",RTTNews,/news/stocks/teledyne-technologies-inc-q2-profit-increases-beats-estimates-1032479009,positive,0.9245371222496033
7/26/2023 1:37:42 PM,Teledyne Technologies Reiterates FY23 Adj. EPS Outlook - Update ,RTTNews,/news/stocks/teledyne-technologies-reiterates-fy23-adj-eps-outlook-update-1032479249,neutral,0.9387200474739075
7/26/2023 10:32:28 PM,"The Fed's Influence Ripples Through US Stocks, ETFs: Wednesday's Winners And Losers Revealed",Benzinga,/news/etf/the-fed-s-influence-ripples-through-us-stocks-etfs-wednesday-s-winners-and-losers-revealed-1032481448,neutral,0.8846098184585571
7/27/2023 9:10:28 AM,"Analysts’ Opinions Are Mixed on These Industrial Goods Stocks: Teledyne Technologies (TDY), Union Pacific (UNP) and Teleflex (TFX)",TipRanks,/news/stocks/analysts-opinions-are-mixed-on-these-industrial-goods-stocks-teledyne-technologies-tdy-union-pacific-unp-and-teleflex-tfx-1032483468,negative,0.8760260343551636
7/31/2023 6:05:32 PM,Goldman Sachs Keeps Their Hold Rating on Teledyne Technologies (TDY),TipRanks,/news/stocks/goldman-sachs-keeps-their-hold-rating-on-teledyne-technologies-tdy-1032496742,neutral,0.9180305600166321
8/10/2023 9:20:30 AM,Analysts Offer Insights on Industrial Goods Companies: Teledyne Technologies (TDY) and BRP Group (BRP),TipRanks,/news/stocks/analysts-offer-insights-on-industrial-goods-companies-teledyne-technologies-tdy-and-brp-group-brp-1032539580,neutral,0.9086252450942993
8/14/2023 10:04:51 AM,"3 Best Stocks to Buy Now, 8/14/2023, According to Top Analysts",TipRanks,/news/stocks/3-best-stocks-to-buy-now-8-14-2023-according-to-top-analysts-1032550668,neutral,0.8267561793327332
8/14/2023 1:11:55 PM,Teledyne Technologies rises as Goldman Sachs upgrades to Buy,Seeking Alpha,https://seekingalpha.com/news/4002250-teledyne-technologies-rises-as-goldman-sachs-upgrades-to-buy?utm_source=businessinsider&utm_medium=referral,positive,0.9274700880050659
8/14/2023 2:00:36 PM,4 Analysts Have This to Say About Teledyne Technologies,Benzinga,/news/stocks/4-analysts-have-this-to-say-about-teledyne-technologies-1032550969,neutral,0.9284566044807434
8/14/2023 5:00:32 PM,"Benzinga's Top Ratings Upgrades, Downgrades For August 14, 2023",Benzinga,/news/stocks/benzinga-s-top-ratings-upgrades-downgrades-for-august-14-2023-1032552166,negative,0.4878306984901428
8/17/2023 10:38:57 PM,7 Recent Wall Street Upgrades You Might Have Missed,InvestorPlace,/news/stocks/7-recent-wall-street-upgrades-you-might-have-missed-1032564797,neutral,0.821267306804657
8/20/2023 1:00:26 PM,‘Upgrading to Buy’: Goldman Sachs Suggests Buying These 2 Stocks Now for Growth,TipRanks,/news/stocks/upgrading-to-buy-goldman-sachs-suggests-buying-these-2-stocks-now-for-growth-1032568068,neutral,0.8209485411643982
9/8/2023 12:30:26 PM,"Analysts Are Bullish on Top Industrial Goods Stocks: Concrete Pumping Holdings (BBCP), Teledyne Technologies (TDY)",TipRanks,/news/stocks/analysts-are-bullish-on-top-industrial-goods-stocks-concrete-pumping-holdings-bbcp-teledyne-technologies-tdy-1032616007,positive,0.7966092824935913
9/10/2023 7:39:22 PM,The 7 Best Robotics Stocks to Buy Now: September 2023,InvestorPlace,/news/stocks/the-7-best-robotics-stocks-to-buy-now-september-2023-1032618318,neutral,0.9330600500106812
9/18/2023 11:26:36 AM,The 3 Most Undervalued Robotics Stocks to Buy in September 2023,InvestorPlace,/news/stocks/the-3-most-undervalued-robotics-stocks-to-buy-in-september-2023-1032636598,neutral,0.7687748074531555
9/27/2023 4:01:14 PM,5 Analysts Have This to Say About Teledyne Technologies,Benzinga,/news/stocks/5-analysts-have-this-to-say-about-teledyne-technologies-1032659991,neutral,0.9307161569595337
9/27/2023 5:00:46 PM,"Benzinga's Top Ratings Upgrades, Downgrades For September 27, 2023",Benzinga,/news/stocks/benzinga-s-top-ratings-upgrades-downgrades-for-september-27-2023-1032660181,neutral,0.5048044919967651
10/24/2023 3:01:13 PM,Teledyne Technologies is about to announce its earnings — here's what Wall Street expects,Markets Insider Automation,/news/stocks/teledyne_technologies-quarter-earnings-preview-q3-1032733278,neutral,0.9352270364761353
10/24/2023 4:00:39 PM,Analyst Expectations for Teledyne Technologies's Future,Benzinga,/news/stocks/analyst-expectations-for-teledyne-technologies-s-future-1032734136,positive,0.8485316634178162
10/25/2023 9:30:41 AM,Teledyne Names Robert Mehrabian Executive Chairman; Edwin Roks To Assume Role Of CEO ,RTTNews,/news/stocks/teledyne-names-robert-mehrabian-executive-chairman-edwin-roks-to-assume-role-of-ceo-1032737426,neutral,0.9331323504447937
10/25/2023 1:00:19 PM,"Teledyne Technologies Inc Q3 Profit Increases, beats estimates",RTTNews,/news/stocks/teledyne-technologies-inc-q3-profit-increases-beats-estimates-1032738091,positive,0.9199051856994629
10/25/2023 1:18:26 PM,Teledyne Technologies Sees Q4 Earnings Below Market; Lifts FY23 Outlook - Update ,RTTNews,/news/stocks/teledyne-technologies-sees-q4-earnings-below-market-lifts-fy23-outlook-update-1032738187,negative,0.6163110733032227
10/26/2023 2:01:17 AM,"Analysts’ Top Industrial Goods Picks: BELIMO Holding AG (BLHWF), BAE Systems (BAESF)",TipRanks,/news/stocks/analysts-top-industrial-goods-picks-belimo-holding-ag-blhwf-bae-systems-baesf-1032744639,positive,0.5800649523735046
11/21/2023 9:00:00 AM,Teledyne e2v announces next generation of high-performance global shutter CMOS image sensors,GlobeNewswire,/news/stocks/teledyne-e2v-announces-next-generation-of-high-performance-global-shutter-cmos-image-sensors-1032837905,neutral,0.7087185382843018
11/30/2023 2:00:00 PM,"Teledyne’s Contact Image Sensors for high-speed, high-resolution line scan are now in production",GlobeNewswire,/news/stocks/teledyne-s-contact-image-sensors-for-high-speed-high-resolution-line-scan-are-now-in-production-1032862296,neutral,0.8384297490119934
12/17/2023 7:29:20 PM,Space Race Winners: 3 Stocks Leading the Galactic Charge,InvestorPlace,/news/stocks/space-race-winners-3-stocks-leading-the-galactic-charge-1032907140,neutral,0.7602217197418213
12/22/2023 11:25:31 AM,Buy Rating and Increased Price Target for Teledyne Technologies on Strong Sales and Expanding Margins,TipRanks,/news/stocks/buy-rating-and-increased-price-target-for-teledyne-technologies-on-strong-sales-and-expanding-margins-1032923421,positive,0.9568092823028564
12/22/2023 1:00:21 PM,Expert Ratings For Teledyne Technologies,Benzinga,/news/stocks/expert-ratings-for-teledyne-technologies-1032921920,neutral,0.8053204417228699
12/22/2023 1:33:43 PM,Tesla To Rally Around 38%? Here Are 10 Top Analyst Forecasts For Friday,Benzinga,/news/stocks/tesla-to-rally-around-38-here-are-10-top-analyst-forecasts-for-friday-1032922046,neutral,0.9118093848228455
1/16/2024 6:14:39 PM,Pre-Earnings Power Plays: 7 Stocks to Buy Before They Report Next Week,InvestorPlace,/news/stocks/pre-earnings-power-plays-7-stocks-to-buy-before-they-report-next-week-1032971610,neutral,0.926102340221405
1/16/2024 9:00:00 PM,Teledyne e2v announces next generation high-performance CMOS image sensors for extreme low light conditions,GlobeNewswire,/news/stocks/teledyne-e2v-announces-next-generation-high-performance-cmos-image-sensors-for-extreme-low-light-conditions-1032971765,positive,0.740388035774231
1/23/2024 3:01:13 PM,Teledyne Technologies earnings preview: what Wall Street is expecting,Markets Insider Automation,/news/stocks/teledyne_technologies-stock-price-quarter-earnings-preview-q4-1032987898,neutral,0.9161250591278076
1/23/2024 3:45:41 PM,Notable earnings before Wednesday's open,Seeking Alpha,https://seekingalpha.com/news/4057415-notable-earnings-before-wednesdays-open?utm_source=businessinsider&utm_medium=referral&feed_item_type=news,positive,0.855887770652771
1/23/2024 5:05:45 PM,Teledyne Q4 2023 Earnings Preview,Seeking Alpha,https://seekingalpha.com/news/4057457-teledyne-q4-2023-earnings-preview?utm_source=businessinsider&utm_medium=referral&feed_item_type=news,neutral,0.9239863753318787
1/24/2024 11:56:55 AM,"Teledyne Non-GAAP EPS of $5.44 beats by $0.40, revenue of $1.43B misses by $30M",Seeking Alpha,https://seekingalpha.com/news/4057740-teledyne-non-gaap-eps-of-5_44-beats-0_40-revenue-of-1_43b-misses-30m?utm_source=businessinsider&utm_medium=referral&feed_item_type=news,neutral,0.7725383639335632
1/24/2024 12:59:12 PM,"Teledyne Technologies Inc Q4 Profit Increases, beats estimates",RTTNews,/news/stocks/teledyne-technologies-inc-q4-profit-increases-beats-estimates-1032991815,positive,0.9299948811531067
1/24/2024 1:15:43 PM,Teledyne Technologies Guides Q1 Well Below Estimates - Update ,RTTNews,/news/stocks/teledyne-technologies-guides-q1-well-below-estimates-update-1032991904,negative,0.37757065892219543
1/24/2024 8:05:32 PM,Buy Rating Affirmed for Teledyne Technologies: Solid Profit Margins and Promising Future Pipeline,TipRanks,/news/stocks/buy-rating-affirmed-for-teledyne-technologies-solid-profit-margins-and-promising-future-pipeline-1032994418,positive,0.9546110033988953
1/26/2024 1:35:20 AM,Buy Rating Affirmed for Teledyne Technologies on Strong Growth and Valuation Prospects,TipRanks,/news/stocks/buy-rating-affirmed-for-teledyne-technologies-on-strong-growth-and-valuation-prospects-1032998976,positive,0.9538084268569946
1/29/2024 11:30:42 AM,"Analysts Are Bullish on Top Technology Stocks: Teledyne Technologies (TDY), Dynatrace (DT)",TipRanks,/news/stocks/analysts-are-bullish-on-top-technology-stocks-teledyne-technologies-tdy-dynatrace-dt-1033005867,positive,0.6534948945045471
2/5/2024 10:50:27 AM,Wall Street Analysts Are Bullish on Top Technology Picks,TipRanks,/news/stocks/wall-street-analysts-are-bullish-on-top-technology-picks-1033030061,positive,0.5188648700714111
2/12/2024 1:16:36 PM,Buy Rating Justified for Teledyne Technologies Amidst Anticipated Market Recovery,TipRanks,/news/stocks/buy-rating-justified-for-teledyne-technologies-amidst-anticipated-market-recovery-1033057876,positive,0.9438167214393616
2/13/2024 2:06:12 PM,Teledyne Technologies buys Netherlands-based industrial camera company,Seeking Alpha,https://seekingalpha.com/news/4066032-teledyne-technologies-buys-netherlands-based-industrial-camera-company?utm_source=businessinsider&utm_medium=referral&feed_item_type=news,neutral,0.8503748178482056
2/13/2024 2:29:27 PM,Teledyne To Buy Netherlands' Adimec; Terms Not Disclosed ,RTTNews,/news/stocks/teledyne-to-buy-netherlands-adimec-terms-not-disclosed-1033060883,neutral,0.9309132099151611
3/3/2024 7:54:47 PM,Stocks with the most insider buying and selling,Seeking Alpha,https://seekingalpha.com/news/4075017-stocks-with-the-most-insider-buying-and-selling?utm_source=businessinsider&utm_medium=referral&feed_item_type=news,neutral,0.9083901643753052
3/12/2024 10:14:42 PM,Teledyne Technologies To Buy Valeport Holdings ,RTTNews,/news/stocks/teledyne-technologies-to-buy-valeport-holdings-1033156873,neutral,0.9369766116142273
4/23/2024 9:00:00 AM,Teledyne e2v and Airy3D collaboration delivers more affordable 3D vision solutions,GlobeNewswire,/news/stocks/teledyne-e2v-and-airy3d-collaboration-delivers-more-affordable-3d-vision-solutions-1033274551,positive,0.7433772683143616
4/23/2024 2:25:34 PM,Notable earnings before Wednesday's open,Seeking Alpha,https://seekingalpha.com/news/4092543-notable-earnings-before-wednesdays-open?utm_source=businessinsider&utm_medium=referral&feed_item_type=news,positive,0.855887770652771
4/23/2024 3:01:13 PM,Here's what to expect from Teledyne Technologies's earnings,Markets Insider Automation,/news/stocks/teledyne_technologies-q1-quarterly-earnings-preview-stock-1033276076,neutral,0.9409030675888062
4/23/2024 5:47:48 PM,Teledyne Q1 2024 Earnings Preview,Seeking Alpha,https://seekingalpha.com/news/4092709-teledyne-q1-2024-earnings-preview?utm_source=businessinsider&utm_medium=referral&feed_item_type=news,neutral,0.9222763776779175
4/24/2024 10:57:08 AM,"Teledyne Non-GAAP EPS of $4.55 misses by $0.08, revenue of $1.35B misses by $40M",Seeking Alpha,https://seekingalpha.com/news/4093003-teledyne-non-gaap-eps-of-4_55-misses-0_08-revenue-of-1_35b-misses-40m?utm_source=businessinsider&utm_medium=referral&feed_item_type=news,neutral,0.5362067222595215
4/24/2024 12:59:47 PM,"Teledyne Technologies Inc Q1 Profit Decreases, misses estimates",RTTNews,/news/stocks/teledyne-technologies-inc-q1-profit-decreases-misses-estimates-1033281020,negative,0.9714350700378418
4/24/2024 1:50:11 PM,"Biggest stock movers today: BA, TSLA, TXN, ENPH, and more",Seeking Alpha,https://seekingalpha.com/news/4092951-biggest-stock-movers-today-tsla-txn-enph-and-more?utm_source=businessinsider&utm_medium=referral&feed_item_type=news,neutral,0.9173340201377869
4/24/2024 3:54:40 PM,"TDY Stock Earnings: Teledyne Technologies Misses EPS, Misses Revenue for Q1 2024",InvestorPlace,/news/stocks/tdy-stock-earnings-teledyne-technologies-for-q1-of-2024-1033283340,negative,0.9571162462234497
4/25/2024 10:45:22 AM,Buy Rating Affirmed for Teledyne Technologies Amidst Growth Prospects and Strategic Capital Allocation,TipRanks,/news/stocks/buy-rating-affirmed-for-teledyne-technologies-amidst-growth-prospects-and-strategic-capital-allocation-1033288309,positive,0.9444479942321777
4/26/2024 9:56:05 AM,Teledyne Technologies: Hold Rating with a Lowered Price Target Amidst Near-Term Challenges and Long-Term Potential,TipRanks,/news/stocks/teledyne-technologies-hold-rating-with-a-lowered-price-target-amidst-near-term-challenges-and-long-term-potential-1033293984,negative,0.8245095610618591
4/30/2024 11:11:24 AM,"Analysts Offer Insights on Technology Companies: Amkor (AMKR), Chegg (CHGG) and Teledyne Technologies (TDY)",TipRanks,/news/stocks/analysts-offer-insights-on-technology-companies-amkor-amkr-chegg-chgg-and-teledyne-technologies-tdy-1033307214,neutral,0.9190471172332764
4/30/2024 11:55:50 AM,Jefferies Sticks to Its Buy Rating for Teledyne Technologies (TDY),TipRanks,/news/stocks/jefferies-sticks-to-its-buy-rating-for-teledyne-technologies-tdy-1033307507,neutral,0.7711635828018188
5/30/2024 4:57:56 AM,"Cathie Wood-Led Ark Invest Cuts Robinhood Holdings Amid Bitcoin Dip, Keeps Selling Moderna Stock — Buys Palantir And AMD Shares",Benzinga,/news/etf/cathie-wood-ledark-invest-cuts-robinhood-holdings-amid-bitcoin-dip-keeps-selling-moderna-stock-—-buys-palantir-and-amd-shares-1033433618,negative,0.8599424362182617
6/21/2024 10:05:41 PM,Goldman Sachs Keeps Their Buy Rating on Teledyne Technologies (TDY),TipRanks,/news/stocks/goldman-sachs-keeps-their-buy-rating-on-teledyne-technologies-tdy-1033497383,neutral,0.917394757270813
6/25/2024 10:30:00 AM,Contrarian Picks: 3 Stocks to Buy to Bet Against the Market,InvestorPlace,/news/stocks/contrarian-picks-3-stocks-to-buy-to-bet-against-the-market-1033503092,neutral,0.9303405284881592
7/2/2024 10:13:00 PM,Boeing Set to Buy Back Spirit AeroSystems for $8.3B,Benzinga,/news/stocks/boeing-set-to-buy-back-spirit-aerosystems-for-8-3b-1033524464,neutral,0.8846776485443115
7/9/2024 2:00:00 PM,"Teledyne’s high-speed, high-resolution Contact Image Sensors are now available in color",GlobeNewswire,/news/stocks/teledyne-s-high-speed-high-resolution-contact-image-sensors-are-now-available-in-color-1033539087,neutral,0.8097286820411682
7/11/2024 8:29:00 PM,Teledyne Wins Deal to Supply Thermal Sighting Devices,Benzinga,/news/stocks/teledyne-wins-deal-to-supply-thermal-sighting-devices-1033548369,positive,0.892499566078186
7/23/2024 2:48:09 PM,Notable earnings before Wednesday's open,Seeking Alpha,https://seekingalpha.com/news/4126834-notable-earnings-before-wednesdays-open?utm_source=businessinsider&utm_medium=referral&feed_item_type=news,positive,0.855887770652771
7/23/2024 3:01:13 PM,What Wall Street expects from Teledyne Technologies's earnings,Markets Insider Automation,/news/stocks/teledyne_technologies-q2-quarterly-earnings-preview-1033582384,neutral,0.9185903072357178
7/23/2024 4:20:48 PM,Teledyne Q2 2024 Earnings Preview,Seeking Alpha,https://seekingalpha.com/news/4126894-teledyne-q2-2024-earnings-preview?utm_source=businessinsider&utm_medium=referral&feed_item_type=news,neutral,0.91969895362854
7/23/2024 7:02:12 PM,Cracking The Code: Understanding Analyst Reviews For Teledyne Technologies,Benzinga,/news/stocks/cracking-the-code-understanding-analyst-reviews-for-teledyne-technologies-1033583931,neutral,0.8865213394165039
7/24/2024 10:58:24 AM,Teledyne beats top-line and bottom-line estimates; initiates Q3 and reaffirms FY24 outlook,Seeking Alpha,https://seekingalpha.com/news/4127373-teledyne-beats-top-line-and-bottom-line-estimates-initiates-q3-and-reaffirms-fy24-outlook?utm_source=businessinsider&utm_medium=referral&feed_item_type=news,positive,0.6999242305755615
7/24/2024 1:00:03 PM,"Teledyne Technologies Inc Q2 Profit Decreases, But Beats Estimates ",RTTNews,/news/stocks/teledyne-technologies-inc-q2-profit-decreases-but-beats-estimates-1033587797,negative,0.9666258096694946
7/24/2024 6:55:20 PM,Buy Rating Affirmed for Teledyne Technologies Amid Strong Q2 Performance and Promising Outlook,TipRanks,/news/stocks/buy-rating-affirmed-for-teledyne-technologies-amid-strong-q2-performance-and-promising-outlook-1033591121,positive,0.9508092999458313
7/24/2024 8:06:19 PM,Teledyne Technologies Surpasses Q2 Earnings Estimates,Benzinga,/news/stocks/teledyne-technologies-surpasses-q2-earnings-estimates-1033590518,positive,0.9527505040168762
7/25/2024 12:05:28 AM,Buy Rating Affirmed: Teledyne Technologies’ Strong Financial Results and Market Performance Outlook,TipRanks,/news/stocks/buy-rating-affirmed-teledyne-technologies-strong-financial-results-and-market-performance-outlook-1033591360,positive,0.9530104994773865
8/12/2024 12:34:58 PM,Buy Rating on Teledyne Technologies Amidst Industry Recovery and Stable Revenue Outlook,TipRanks,/news/stocks/buy-rating-on-teledyne-technologies-amidst-industry-recovery-and-stable-revenue-outlook-1033678058,positive,0.9506199359893799
8/12/2024 1:18:46 PM,"Analysts Are Bullish on These Technology Stocks: NICE (NICE), Teledyne Technologies (TDY)",TipRanks,/news/stocks/analysts-are-bullish-on-these-technology-stocks-nice-nice-teledyne-technologies-tdy-1033678241,neutral,0.6562886238098145
8/14/2024 12:40:02 PM,Morgan Stanley Keeps Their Hold Rating on Teledyne Technologies (TDY),TipRanks,/news/stocks/morgan-stanley-keeps-their-hold-rating-on-teledyne-technologies-tdy-1033689182,neutral,0.9158111810684204
8/23/2024 2:36:18 PM,Teledyne Brown Secures $114 Mln Defense Contract ,RTTNews,/news/stocks/teledyne-brown-secures-114-mln-defense-contract-1033717985,positive,0.831950306892395
8/30/2024 9:26:05 AM,Is it time to make portfolio changes before the 2024 U.S. election?,Seeking Alpha,https://seekingalpha.com/news/4145383-is-it-time-to-make-portfolio-changes-before-the-2024-us-election?utm_source=businessinsider&utm_medium=referral&feed_item_type=news,neutral,0.9284965395927429
9/4/2024 6:10:36 PM,BofA’s global contenders and defenders list,Seeking Alpha,https://seekingalpha.com/news/4146992-bofas-global-contenders-and-defenders-list?utm_source=businessinsider&utm_medium=referral&feed_item_type=news,neutral,0.8863725066184998
9/5/2024 1:38:09 PM,Teledyne Technologies: Hold Rating with Potential for Growth Amidst Market Challenges,TipRanks,/news/stocks/teledyne-technologies-hold-rating-with-potential-for-growth-amidst-market-challenges-1033751779,positive,0.49856942892074585
9/15/2024 7:48:54 PM,Stock moves reflect downgrade for US economic growth outlook - Goldman,Seeking Alpha,https://seekingalpha.com/news/4149825-stock-moves-reflect-downgrade-for-us-economic-growth-outlook?utm_source=businessinsider&utm_medium=referral&feed_item_type=news,negative,0.8651878833770752
9/17/2024 2:00:00 PM,Teledyne unveils the first 16k TDI line scan camera with a 1-Megahertz line rate,GlobeNewswire,/news/stocks/teledyne-unveils-the-first-16k-tdi-line-scan-camera-with-a-1-megahertz-line-rate-1033776947,neutral,0.8196402192115784
9/19/2024 8:11:30 PM,"How four election outcomes could impact the markets, according to Société Générale",Seeking Alpha,https://seekingalpha.com/news/4151360-how-four-election-outcomes-could-impact-the-asset-classes-according-to-socit-gnrale?utm_source=businessinsider&utm_medium=referral&feed_item_type=news,neutral,0.5496776103973389
9/19/2024 8:55:15 PM,Goldman Sachs Reaffirms Their Buy Rating on Teledyne Technologies (TDY),TipRanks,/news/stocks/goldman-sachs-reaffirms-their-buy-rating-on-teledyne-technologies-tdy-1033784899,neutral,0.8477101922035217
9/26/2024 2:00:00 PM,Teledyne introduces next generation AI-powered smart camera for industrial automation and inspection,GlobeNewswire,/news/stocks/teledyne-introduces-next-generation-ai-powered-smart-camera-for-industrial-automation-and-inspection-1033800290,neutral,0.6040290594100952
10/22/2024 11:41:13 AM,U.S. Army awards Teledyne $91M contract  for Black Hornet 4 drone systems,TipRanks,/news/stocks/u-s-army-awards-teledyne-91m-contract-for-black-hornet-4-drone-systems-1033871673,positive,0.9311526417732239
10/22/2024 4:33:14 PM,Teledyne Q3 2024 Earnings Preview,Seeking Alpha,https://seekingalpha.com/news/4191151-teledyne-q3-2024-earnings-preview?utm_source=businessinsider&utm_medium=referral&feed_item_type=news,neutral,0.9197959303855896
10/22/2024 10:00:06 PM,Here's the major earnings before the open tomorrow,Seeking Alpha,https://seekingalpha.com/news/4190601-heres-the-major-earnings-before-the-open-tomorrow?utm_source=businessinsider&utm_medium=referral&feed_item_type=news,neutral,0.9330109357833862
10/23/2024 10:58:59 AM,"Teledyne Non-GAAP EPS of $5.10 beats by $0.13, revenue of $1.44B beats by $20M",Seeking Alpha,https://seekingalpha.com/news/4193943-teledyne-non-gaap-eps-of-5_10-beats-0_13-revenue-of-1_44b-beats-20m?utm_source=businessinsider&utm_medium=referral&feed_item_type=news,neutral,0.7565469741821289
10/23/2024 11:00:26 AM,"Teledyne sees FY24 non-GAAP EPS  $19.35-$19.45, consensus $19.43",TipRanks,/news/stocks/teledyne-sees-fy24-non-gaap-eps-19-35--19-45-consensus-19-43-1033879189,neutral,0.8547810912132263
10/23/2024 11:00:49 AM,"Teledyne sees Q4 non-GAAP EPS $5.13-$5.23, consensus $5.33",TipRanks,/news/stocks/teledyne-sees-q4-non-gaap-eps-5-13--5-23-consensus-5-33-1033879186,neutral,0.8579636812210083
10/23/2024 11:01:27 AM,"Teledyne reports Q3 non-GAAP EPS $5.10, consensus $4.97",TipRanks,/news/stocks/teledyne-reports-q3-non-gaap-eps-5-10-consensus-4-97-1033879182,neutral,0.7533175349235535
10/23/2024 1:04:48 PM,"Teledyne Technologies Inc Q3 Profit Increases, Beats Estimates ",RTTNews,/news/stocks/teledyne-technologies-inc-q3-profit-increases-beats-estimates-1033877552,positive,0.9199051856994629
10/23/2024 1:28:53 PM,Teledyne Narrows 2024 Non-GAAP EPS Outlook - Update ,RTTNews,/news/stocks/teledyne-narrows-2024-non-gaap-eps-outlook-update-1033877657,neutral,0.9254863262176514
10/23/2024 6:35:12 PM,"Teledyne Technologies: Strong Growth, Strategic Acquisitions, and Attractive Valuation Justify Buy Rating",TipRanks,/news/stocks/teledyne-technologies-strong-growth-strategic-acquisitions-and-attractive-valuation-justify-buy-rating-1033881406,positive,0.8688966631889343
10/24/2024 12:35:42 AM,Teledyne Technologies: Strong Order Growth and Strategic M&A Drive Buy Rating with $500 Price Target,TipRanks,/news/stocks/teledyne-technologies-strong-order-growth-and-strategic-m-a-drive-buy-rating-with-500-price-target-1033882095,positive,0.8711614012718201
10/24/2024 10:36:50 AM,Balanced Hold Recommendation for Teledyne Technologies Amid Strong Q3 Performance and Near-Term Challenges,TipRanks,/news/stocks/balanced-hold-recommendation-for-teledyne-technologies-amid-strong-q3-performance-and-near-term-challenges-1033886398,positive,0.9508261680603027
10/24/2024 11:22:42 AM,Teledyne price target raised to $500 from $450 at TD Cowen,TipRanks,/news/stocks/teledyne-price-target-raised-to-500-from-450-at-td-cowen-1033887034,positive,0.9445335268974304
11/4/2024 12:00:46 PM,Teledyne and Micropac announce definitive merger agreement,TipRanks,/news/stocks/teledyne-and-micropac-announce-definitive-merger-agreement-1033944938,neutral,0.8392176628112793
11/4/2024 12:01:01 PM,Teledyne Technologies to acquire Micropac in ~$57.3M deal,Seeking Alpha,https://seekingalpha.com/news/4241705-teledyne-technologies-to-acquire-micropac-in-573m-deal?utm_source=businessinsider&utm_medium=referral&feed_item_type=news,neutral,0.9179127216339111
11/4/2024 1:04:54 PM,Teledyne To Acquire Micropac - Quick Facts ,RTTNews,/news/stocks/teledyne-to-acquire-micropac-quick-facts-1033943359,neutral,0.9379022717475891
11/6/2024 11:57:07 AM,"Teledyne to acquire select aerospace, defense electronics units from Excelitas",TipRanks,/news/stocks/teledyne-to-acquire-select-aerospace-defense-electronics-units-from-excelitas-1033961594,neutral,0.8907923698425293
11/6/2024 12:16:37 PM,Teledyne to buy Excelitas units for $710M in cash,Seeking Alpha,https://seekingalpha.com/news/4254336-teledyne-to-buy-excelitas-units-for-710m-in-cash?utm_source=businessinsider&utm_medium=referral&feed_item_type=news,neutral,0.895535409450531
11/6/2024 1:13:22 PM,"Teledyne To Acquire Select Aerospace, Defense Electronics Businesses From Excelitas ",RTTNews,/news/stocks/teledyne-to-acquire-select-aerospace-defense-electronics-businesses-from-excelitas-1033960595,neutral,0.9111385941505432
11/8/2024 11:10:44 AM,Teledyne upgraded to Buy from Neutral at BofA,TipRanks,/news/stocks/teledyne-upgraded-to-buy-from-neutral-at-bofa-1033982122,positive,0.8008983135223389
11/8/2024 11:20:42 AM,Teledyne upgraded to Buy at BofA as DI segment bottoms,TipRanks,/news/stocks/teledyne-upgraded-to-buy-at-bofa-as-di-segment-bottoms-1033982244,positive,0.7057927250862122
11/8/2024 8:05:23 PM,Strategic Acquisitions Reinforce Teledyne Technologies’ Buy Rating,TipRanks,/news/stocks/strategic-acquisitions-reinforce-teledyne-technologies-buy-rating-1033985222,positive,0.8831546306610107
11/12/2024 12:55:29 PM,Teledyne awarded $168.3M Army contract,TipRanks,/news/stocks/teledyne-awarded-168-3m-army-contract-1034000441,positive,0.9222949147224426
11/13/2024 1:30:42 PM,"Analysts Offer Insights on Technology Companies: Teledyne Technologies (TDY), Endava (DAVA) and Amdocs (DOX)",TipRanks,/news/stocks/analysts-offer-insights-on-technology-companies-teledyne-technologies-tdy-endava-dava-and-amdocs-dox-1034010034,neutral,0.9150749444961548
11/15/2024 3:32:00 PM,Least shorted S&P 500 stocks in October,Seeking Alpha,https://seekingalpha.com/news/4294512-least-shorted-sp-500-stocks-in-october?utm_source=businessinsider&utm_medium=referral&feed_item_type=news,neutral,0.5993219614028931
11/21/2024 10:40:06 AM,Teledyne to deliver UltraFORCE 380X-HDc imaging systems to NL EASP AIR,TipRanks,/news/stocks/teledyne-to-deliver-ultraforce-380x-hdc-imaging-systems-to-nl-easp-air-1034048465,neutral,0.748094916343689
11/22/2024 10:50:09 AM,"Analysts Are Bullish on These Technology Stocks: Teledyne Technologies (TDY), N-able (NABL)",TipRanks,/news/stocks/analysts-are-bullish-on-these-technology-stocks-teledyne-technologies-tdy-n-able-nabl-1034054659,neutral,0.6442005634307861
11/26/2024 1:10:25 PM,Teledyne launches Z-Trak 3D Apps Studio,TipRanks,/news/stocks/teledyne-launches-z-trak-3d-apps-studio-1034066956,neutral,0.9116649031639099
11/26/2024 2:00:00 PM,Teledyne launches Z-Trak 3D Apps Studio software tools for in-line 3D measurement and inspection,GlobeNewswire,/news/stocks/teledyne-launches-z-trak-3d-apps-studio-software-tools-for-in-line-3d-measurement-and-inspection-1034065522,neutral,0.8365930318832397
12/2/2024 10:05:47 AM,"Global arms sales rise on demand linked to Ukraine and Gaza wars, Asia tensions",Seeking Alpha,https://seekingalpha.com/news/4353091-global-arms-sales-wars-ukraine-gaza-asia-tensions?utm_source=businessinsider&utm_medium=referral&feed_item_type=news,positive,0.6666939854621887
12/10/2024 1:00:18 PM,Teledyne resumed with a Buy at UBS,TipRanks,/news/stocks/teledyne-resumed-with-a-buy-at-ubs-1034120194,neutral,0.8106004595756531
12/12/2024 11:50:12 PM,"Teledyne director Smith sells 2,025 common shares",TipRanks,/news/stocks/teledyne-director-smith-sells-2-025-common-shares-1034132784,neutral,0.9441448450088501
12/19/2024 1:37:12 PM,Montrose Environmental named ‘2025 Top Pick’ at Needham,TipRanks,/news/stocks/montrose-environmental-named-2025-top-pick-at-needham-1034157363,neutral,0.5804076790809631
1/13/2025 11:16:39 AM,Teledyne Technologies: Strategic Positioning and Growth Potential Amidst Long and Short Cycle Opportunities,TipRanks,/news/stocks/teledyne-technologies-strategic-positioning-and-growth-potential-amidst-long-and-short-cycle-opportunities-1034220629,neutral,0.6552589535713196
1/13/2025 12:50:22 PM,Teledyne FLIR Defense gets $74M  IDIQ contract for US Coast Guard surveillance,TipRanks,/news/stocks/teledyne-flir-defense-gets-74m-idiq-contract-for-us-coast-guard-surveillance-1034221552,positive,0.9012773036956787
1/21/2025 5:40:11 PM,Teledyne Q4 2024 Earnings Preview,Seeking Alpha,https://seekingalpha.com/news/4396963-teledyne-q4-2024-earnings-preview?utm_source=businessinsider&utm_medium=referral&feed_item_type=news,neutral,0.9225482940673828
1/21/2025 6:45:12 PM,Notable companies reporting before tomorrow’s open,TipRanks,/news/stocks/notable-companies-reporting-before-tomorrow-s-open-1034251583,neutral,0.9220908284187317
1/21/2025 11:00:20 PM,Here's the major earnings before the open tomorrow,Seeking Alpha,https://seekingalpha.com/news/4396897-heres-the-major-earnings-before-the-open-tomorrow?utm_source=businessinsider&utm_medium=referral&feed_item_type=news,neutral,0.9330109357833862
1/22/2025 11:57:05 AM,"Teledyne Non-GAAP EPS of $5.52 beats by $0.29, revenue of $1.5B beats by $50M",Seeking Alpha,https://seekingalpha.com/news/4397209-teledyne-non-gaap-eps-of-5_52-beats-by-0_29-revenue-of-1_5b-beats-by-50m?utm_source=businessinsider&utm_medium=referral&feed_item_type=news,neutral,0.7624924778938293
1/22/2025 12:00:58 PM,"Teledyne sees FY25 non-GAAP EPS $21.10-$21.50, consesnsus $21.55",TipRanks,/news/stocks/teledyne-sees-fy25-non-gaap-eps-21-10--21-50-consesnsus-21-55-1034255270,neutral,0.9035906195640564
1/22/2025 12:01:18 PM,"Teledyne sees Q1 non-GAAP EPS $4.80-$4.90, consensu $5.02",TipRanks,/news/stocks/teledyne-sees-q1-non-gaap-eps-4-80--4-90-consensu-5-02-1034255267,neutral,0.7624204754829407
1/22/2025 12:02:22 PM,"Teledyne reports Q4 nonGAAP EPS $5.52, consensus $5.23",TipRanks,/news/stocks/teledyne-reports-q4-nongaap-eps-5-52-consensus-5-23-1034255258,neutral,0.5604864358901978
1/22/2025 1:01:19 PM,"Teledyne Technologies Inc Q4 Profit Decreases, But Beats Estimates ",RTTNews,/news/stocks/teledyne-technologies-inc-q4-profit-decreases-but-beats-estimates-1034253928,negative,0.9659455418586731
1/22/2025 1:06:39 PM,"Teledyne Technologies Guides Q1, FY25 Below Estimates - Update ",RTTNews,/news/stocks/teledyne-technologies-guides-q1-fy25-below-estimates-update-1034253973,neutral,0.9372527599334717
1/22/2025 1:55:22 PM,Morning Movers: Netflix shares rise following subscriber blowout,TipRanks,/news/stocks/morning-movers-netflix-shares-rise-following-subscriber-blowout-1034255934,positive,0.65787273645401
1/22/2025 3:22:55 PM,"Teledyne Technologies trades higher on optimistic 2025, Q4 beat",Seeking Alpha,https://seekingalpha.com/news/4397344-teledyne-technologies-trades-higher-on-optimistic-2025-q4-beat?utm_source=businessinsider&utm_medium=referral&feed_item_type=news,positive,0.934698760509491
1/22/2025 8:25:08 PM,Teledyne Technologies: Strong Financial Performance and Promising Outlook Support Buy Rating,TipRanks,/news/stocks/teledyne-technologies-strong-financial-performance-and-promising-outlook-support-buy-rating-1034256956,positive,0.9497612714767456
1/23/2025 11:15:49 AM,Teledyne Technologies: Strong Performance and Ambitious Targets Met with Cautious Hold Rating,TipRanks,/news/stocks/teledyne-technologies-strong-performance-and-ambitious-targets-met-with-cautious-hold-rating-1034259903,positive,0.9408910274505615
1/25/2025 6:46:00 PM,Over 80% of companies deliver EPS wins this week-Earnings Scorecard,Seeking Alpha,https://seekingalpha.com/news/4398494-over-80-companies-deliver-eps-wins-this-week-earnings-scorecard?utm_source=businessinsider&utm_medium=referral&feed_item_type=news,neutral,0.6900730729103088
1/27/2025 1:27:05 PM,Teledyne Technologies: Strong Q4 Results and Strategic Growth Initiatives Justify Buy Rating,TipRanks,/news/stocks/teledyne-technologies-strong-q4-results-and-strategic-growth-initiatives-justify-buy-rating-1034272867,positive,0.9411126971244812
1/28/2025 10:55:11 PM,Teledyne Technologies: A Top Investment Pick with Strategic Acquisition and Market Opportunities,TipRanks,/news/stocks/teledyne-technologies-a-top-investment-pick-with-strategic-acquisition-and-market-opportunities-1034279704,positive,0.807171106338501
1/29/2025 10:30:15 PM,"Teledyne director Smith sells 2,100 common shares",TipRanks,/news/stocks/teledyne-director-smith-sells-2-100-common-shares-1034285107,neutral,0.9355421662330627
2/4/2025 1:30:47 PM,Analysts Offer Insights on Technology Companies: Teledyne Technologies (TDY) and LiveRamp Holdings (RAMP),TipRanks,/news/stocks/analysts-offer-insights-on-technology-companies-teledyne-technologies-tdy-and-liveramp-holdings-ramp-1034309362,neutral,0.9153235554695129
